"Date","Price","Open","High","Low","Vol.","Change %"
"06/24/2013","24.75","24.65","25.15","24.35","6.43K","22.22%"
"06/25/2013","24.05","24.05","24.25","23.55","4.22K","-2.83%"
"06/26/2013","23.10","23.95","24.25","22.70","4.65K","-3.95%"
"06/27/2013","22.45","23.20","23.40","22.25","2.30K","-2.81%"
"06/28/2013","22.60","22.25","23.30","22.25","2.31K","0.67%"
"07/01/2013","22.25","22.15","23.05","21.90","2.73K","-1.55%"
"07/02/2013","22.35","21.95","22.65","21.95","1.86K","0.45%"
"07/03/2013","23.00","22.50","24.15","22.50","5.92K","2.91%"
"07/04/2013","21.60","22.45","22.90","21.40","3.21K","-6.09%"
"07/05/2013","22.65","21.55","22.70","21.30","1.85K","4.86%"
"07/09/2013","21.20","21.40","21.60","21.05","5.20K","-6.40%"
"07/10/2013","21.00","21.05","21.50","20.80","3.19K","-0.94%"
"07/11/2013","19.90","20.40","20.40","19.75","5.25K","-5.24%"
"07/12/2013","19.90","19.60","19.95","19.40","8.45K","0.00%"
"07/15/2013","19.35","19.25","19.65","19.25","3.15K","-2.76%"
"07/16/2013","19.20","19.25","19.50","19.05","7.86K","-0.78%"
"07/17/2013","20.55","19.10","21.15","18.80","4.67K","7.03%"
"07/18/2013","19.70","20.50","20.50","19.60","3.66K","-4.14%"
"07/19/2013","19.55","19.80","19.90","19.45","5.15K","-0.76%"
"07/22/2013","19.30","19.55","19.65","19.15","6.13K","-1.28%"
"07/23/2013","19.20","19.15","19.30","18.95","2.53K","-0.52%"
"07/24/2013","18.85","19.00","19.15","18.65","4.88K","-1.82%"
"07/25/2013","19.30","18.75","19.50","18.75","3.97K","2.39%"
"07/26/2013","19.55","18.85","19.60","18.75","2.67K","1.30%"
"07/29/2013","19.55","19.35","19.70","19.30","2.62K","0.00%"
"07/30/2013","19.50","19.40","19.55","18.95","1.55K","-0.26%"
"07/31/2013","19.20","19.55","19.80","19.20","2.49K","-1.54%"
"08/01/2013","18.65","19.05","19.05","18.45","4.80K","-2.86%"
"08/02/2013","18.35","18.50","18.60","18.20","3.99K","-1.61%"
"08/05/2013","18.20","18.15","18.35","18.10","2.23K","-0.82%"
"08/06/2013","18.70","18.10","18.90","17.70","3.46K","2.75%"
"08/07/2013","18.85","18.70","18.95","18.40","2.45K","0.80%"
"08/08/2013","18.25","18.40","18.80","18.05","3.24K","-3.18%"
"08/09/2013","18.20","18.05","18.45","17.95","3.05K","-0.27%"
"08/12/2013","17.85","18.45","18.80","17.85","2.66K","-1.92%"
"08/13/2013","17.70","17.40","17.90","17.40","3.13K","-0.84%"
"08/14/2013","17.35","17.55","17.60","17.20","5.27K","-1.98%"
"08/15/2013","18.25","17.60","18.80","17.35","5.65K","5.19%"
"08/16/2013","17.50","18.20","18.25","17.35","6.78K","-4.11%"
"08/19/2013","17.55","17.60","17.95","17.40","17.28K","0.29%"
"08/20/2013","19.10","18.10","19.45","18.10","11.95K","8.83%"
"08/21/2013","21.15","18.90","21.15","18.80","7.67K","10.73%"
"08/22/2013","19.95","20.90","21.05","19.90","8.25K","-5.67%"
"08/23/2013","19.55","19.90","20.20","19.40","5.27K","-2.01%"
"08/26/2013","19.45","19.25","19.95","19.25","3.08K","-0.51%"
"08/27/2013","21.40","19.70","21.70","19.35","15.62K","10.03%"
"08/28/2013","22.00","22.15","22.65","21.20","11.50K","2.80%"
"08/29/2013","21.50","21.60","22.00","21.10","6.82K","-2.27%"
"08/30/2013","22.70","21.55","22.70","21.45","4.02K","5.58%"
"09/02/2013","21.75","22.00","22.00","21.40","4.38K","-4.19%"
"09/03/2013","21.95","21.50","22.35","21.50","5.17K","0.92%"
"09/04/2013","22.20","21.95","22.85","21.90","5.96K","1.14%"
"09/05/2013","21.90","22.30","22.65","21.85","5.00K","-1.35%"
"09/06/2013","21.10","21.90","22.00","20.75","7.83K","-3.65%"
"09/09/2013","21.00","21.20","21.35","20.90","2.76K","-0.47%"
"09/10/2013","20.00","20.65","20.65","19.80","6.26K","-4.76%"
"09/11/2013","19.50","20.10","20.10","19.50","3.72K","-2.50%"
"09/12/2013","19.25","19.40","19.50","18.95","5.44K","-1.28%"
"09/13/2013","19.50","19.50","19.75","19.20","2.71K","1.30%"
"09/16/2013","19.15","19.15","19.40","18.75","13.37K","-1.79%"
"09/17/2013","19.30","19.30","19.55","19.15","6.70K","0.78%"
"09/18/2013","18.60","19.40","19.55","18.60","3.43K","-3.63%"
"09/19/2013","18.85","19.00","19.05","18.50","5.06K","1.34%"
"09/20/2013","18.45","19.00","19.00","18.30","4.99K","-2.12%"
"09/23/2013","18.60","18.40","18.85","18.05","5.53K","0.81%"
"09/24/2013","18.10","18.60","18.60","18.10","4.30K","-2.69%"
"09/25/2013","18.05","18.35","18.40","18.00","2.77K","-0.28%"
"09/26/2013","17.95","17.80","18.30","17.80","2.49K","-0.55%"
"09/27/2013","18.25","17.90","18.35","17.80","4.76K","1.67%"
"09/30/2013","19.20","18.75","19.35","18.75","10.19K","5.21%"
"10/01/2013","18.85","18.85","19.30","18.70","6.48K","-1.82%"
"10/02/2013","19.25","19.00","19.70","19.00","6.58K","2.12%"
"10/03/2013","20.10","19.20","20.10","19.20","5.75K","4.42%"
"10/04/2013","20.10","20.00","20.30","19.75","3.74K","0.00%"
"10/07/2013","20.45","20.65","21.00","20.40","5.70K","1.74%"
"10/08/2013","21.30","20.65","21.35","20.50","7.16K","4.16%"
"10/09/2013","22.50","21.40","22.55","21.25","8.59K","5.63%"
"10/10/2013","20.30","21.75","21.75","20.10","7.20K","-9.78%"
"10/11/2013","18.90","20.20","20.20","18.90","9.70K","-6.90%"
"10/14/2013","19.85","19.50","19.95","19.20","7.75K","5.03%"
"10/15/2013","18.45","19.20","19.20","18.25","10.76K","-7.05%"
"10/16/2013","19.40","19.00","20.10","19.00","15.67K","5.15%"
"10/17/2013","18.20","19.30","19.30","18.20","12.12K","-6.19%"
"10/18/2013","17.55","18.25","18.25","17.55","8.89K","-3.57%"
"10/21/2013","17.60","17.55","17.80","17.50","7.72K","0.28%"
"10/22/2013","17.40","17.90","17.90","17.10","9.39K","-1.14%"
"10/23/2013","17.90","17.70","18.05","17.60","3.48K","2.87%"
"10/24/2013","17.35","17.65","17.65","17.35","5.51K","-3.07%"
"10/25/2013","17.25","17.50","17.65","17.25","1.83K","-0.58%"
"10/28/2013","17.30","17.15","17.70","17.15","3.48K","0.29%"
"10/29/2013","16.90","17.50","17.50","16.85","3.10K","-2.31%"
"10/30/2013","17.10","16.90","17.30","16.65","3.90K","1.18%"
"10/31/2013","16.95","17.10","17.25","16.80","4.75K","-0.88%"
"11/01/2013","17.15","17.10","17.35","16.95","2.77K","1.18%"
"11/04/2013","17.15","17.00","17.25","17.00","1.56K","0.00%"
"11/05/2013","17.25","17.00","17.50","16.90","7.17K","0.58%"
"11/06/2013","17.10","17.05","17.20","16.75","2.58K","-0.87%"
"11/07/2013","17.15","17.10","17.30","16.50","7.36K","0.29%"
"11/08/2013","17.35","17.55","17.75","17.10","13.68K","1.17%"
"11/11/2013","17.40","17.40","17.50","17.10","2.02K","0.29%"
"11/12/2013","17.45","17.15","17.45","17.10","1.95K","0.29%"
"11/13/2013","17.55","17.55","18.00","17.30","8.27K","0.57%"
"11/14/2013","16.60","16.90","17.05","16.50","8.60K","-5.41%"
"11/15/2013","16.25","16.55","16.60","16.10","4.73K","-2.11%"
"11/18/2013","15.75","16.40","16.45","15.50","8.38K","-3.08%"
"11/19/2013","15.85","15.85","16.10","15.75","4.98K","0.63%"
"11/20/2013","16.40","15.90","16.75","15.15","18.43K","3.47%"
"11/21/2013","16.20","16.75","16.90","16.15","14.32K","-1.22%"
"11/22/2013","16.15","16.10","16.15","16.00","4.76K","-0.31%"
"11/24/2013","16.15","16.15","16.15","16.15","","0.00%"
"11/25/2013","15.85","15.90","15.95","15.75","4.11K","-1.86%"
"11/26/2013","15.75","15.70","15.80","15.50","3.26K","-0.63%"
"11/27/2013","15.55","15.70","15.75","15.50","3.69K","-1.27%"
"11/28/2013","15.35","15.50","15.50","15.25","2.57K","-1.29%"
"11/29/2013","15.80","15.55","15.80","15.25","6.46K","2.93%"
"12/01/2013","15.80","15.80","15.80","15.80","","0.00%"
"12/02/2013","15.95","15.75","16.05","15.75","3.87K","0.95%"
"12/03/2013","16.60","15.90","16.65","15.90","12.74K","4.08%"
"12/04/2013","16.90","16.65","17.50","16.30","21.38K","1.81%"
"12/05/2013","17.00","16.70","17.00","16.25","10.74K","0.59%"
"12/06/2013","16.35","16.85","17.00","16.20","18.33K","-3.82%"
"12/09/2013","15.95","16.10","16.30","15.75","11.56K","-2.45%"
"12/10/2013","16.15","16.00","16.30","15.60","9.70K","1.25%"
"12/11/2013","16.65","16.10","16.65","15.90","12.33K","3.10%"
"12/14/2013","17.30","17.30","17.30","17.30","","3.90%"
"12/16/2013","17.45","17.20","17.45","16.95","10.55K","0.87%"
"12/17/2013","18.15","17.80","18.45","17.80","26.68K","4.01%"
"12/18/2013","18.05","17.85","18.20","17.00","11.73K","-0.55%"
"12/19/2013","17.30","17.50","17.55","17.05","9.20K","-4.16%"
"12/20/2013","17.20","17.35","17.35","16.75","5.95K","-0.58%"
"12/23/2013","17.10","17.15","17.35","17.00","2.40K","-0.58%"
"12/25/2013","17.10","17.10","17.10","17.10","","0.00%"
"12/26/2013","17.10","17.10","17.10","17.10","","0.00%"
"12/27/2013","16.95","16.55","17.00","16.55","2.52K","-0.88%"
"12/29/2013","16.95","16.95","16.95","16.95","","0.00%"
"12/30/2013","17.00","16.80","17.25","16.70","4.39K","0.29%"
"01/02/2014","17.95","17.00","18.10","16.95","9.99K","5.59%"
"01/03/2014","17.75","18.20","18.20","17.45","4.44K","-1.11%"
"01/06/2014","17.80","17.80","17.85","17.35","4.92K","0.28%"
"01/07/2014","17.15","17.60","17.80","17.05","4.27K","-3.65%"
"01/08/2014","17.45","17.00","17.65","16.90","3.16K","1.75%"
"01/09/2014","17.60","17.35","17.65","16.95","4.98K","0.86%"
"01/10/2014","16.85","17.35","17.35","16.80","7.17K","-4.26%"
"01/13/2014","16.90","16.70","16.95","16.55","7.99K","0.30%"
"01/14/2014","16.75","17.50","17.70","16.75","5.90K","-0.89%"
"01/15/2014","16.60","16.70","16.70","16.30","7.56K","-0.90%"
"01/16/2014","16.95","16.55","17.10","16.45","16.50K","2.11%"
"01/17/2014","16.45","16.80","16.85","16.40","6.55K","-2.95%"
"01/20/2014","16.10","16.50","16.50","16.05","8.25K","-2.13%"
"01/21/2014","16.00","16.00","16.05","15.55","13.36K","-0.62%"
"01/22/2014","17.40","15.55","17.65","15.55","9.48K","8.75%"
"01/23/2014","18.05","17.55","18.25","17.25","9.87K","3.74%"
"01/24/2014","19.85","17.70","19.85","17.70","18.95K","9.97%"
"01/27/2014","19.75","19.50","19.90","18.95","18.88K","-0.50%"
"01/28/2014","19.40","19.30","19.65","19.05","7.38K","-1.77%"
"01/29/2014","19.90","18.85","20.70","18.45","13.11K","2.58%"
"01/30/2014","20.10","19.90","20.75","19.50","14.08K","1.01%"
"01/31/2014","20.85","20.25","21.85","20.20","20.66K","3.73%"
"02/03/2014","22.35","21.00","22.45","20.70","7.65K","7.19%"
"02/04/2014","22.20","22.50","22.85","21.65","10.90K","-0.67%"
"02/05/2014","22.15","22.30","22.70","21.75","11.27K","-0.23%"
"02/06/2014","20.75","21.65","22.10","20.55","12.47K","-6.32%"
"02/07/2014","19.45","20.45","21.00","19.40","16.83K","-6.27%"
"02/10/2014","19.30","19.40","19.65","19.10","7.83K","-0.77%"
"02/11/2014","18.10","19.15","19.15","18.00","11.94K","-6.22%"
"02/12/2014","17.95","17.90","18.10","17.50","9.49K","-0.83%"
"02/13/2014","17.85","18.10","18.70","17.85","10.44K","-0.56%"
"02/14/2014","17.25","17.90","17.90","17.20","11.25K","-3.36%"
"02/15/2014","17.25","17.25","17.25","17.25","","0.00%"
"02/17/2014","17.30","17.15","17.50","16.95","6.00K","0.29%"
"02/18/2014","17.30","17.30","17.95","17.20","10.46K","0.00%"
"02/19/2014","17.95","17.25","18.25","17.25","22.54K","3.76%"
"02/20/2014","18.35","18.80","18.95","18.25","7.02K","2.23%"
"02/21/2014","17.95","17.90","18.25","17.70","8.30K","-2.18%"
"02/24/2014","17.75","18.00","18.10","17.65","6.93K","-1.11%"
"02/25/2014","17.65","17.85","17.95","17.50","12.57K","-0.56%"
"02/26/2014","17.60","17.60","18.05","17.45","8.14K","-0.28%"
"02/27/2014","18.00","17.70","18.60","17.65","11.44K","2.27%"
"02/28/2014","17.75","18.10","18.65","17.70","14.41K","-1.39%"
"03/03/2014","20.30","19.05","20.30","18.90","30.95K","14.37%"
"03/04/2014","18.50","18.85","19.45","18.35","16.03K","-8.87%"
"03/05/2014","18.60","18.55","18.60","18.20","4.99K","0.54%"
"03/06/2014","18.15","18.40","18.45","18.05","4.38K","-2.42%"
"03/07/2014","19.45","18.15","19.50","18.10","19.21K","7.16%"
"03/09/2014","19.45","19.45","19.45","19.45","","0.00%"
"03/10/2014","19.75","19.70","20.30","19.05","8.26K","1.54%"
"03/11/2014","19.65","19.55","19.70","19.10","7.69K","-0.51%"
"03/12/2014","20.15","19.80","20.80","19.80","11.22K","2.54%"
"03/13/2014","21.45","19.95","21.45","19.75","8.59K","6.45%"
"03/14/2014","23.00","21.90","23.90","21.55","31.06K","7.23%"
"03/17/2014","21.60","22.65","22.75","21.50","22.62K","-6.09%"
"03/18/2014","21.65","21.55","21.85","21.20","7.26K","0.23%"
"03/19/2014","18.75","18.75","18.80","18.60","9.79K","-13.39%"
"03/20/2014","18.40","19.05","19.30","18.35","12.12K","-1.87%"
"03/21/2014","18.20","18.40","18.55","18.15","14.16K","-1.09%"
"03/22/2014","18.20","18.20","18.20","18.20","","0.00%"
"03/24/2014","19.20","18.15","19.20","18.05","12.07K","5.49%"
"03/25/2014","18.60","18.95","18.95","18.15","8.64K","-3.13%"
"03/26/2014","18.15","18.20","18.30","17.75","9.47K","-2.42%"
"03/27/2014","18.20","18.10","18.50","18.05","6.61K","0.28%"
"03/28/2014","17.90","18.00","18.10","17.80","6.15K","-1.65%"
"03/31/2014","17.85","17.90","18.05","17.60","4.52K","-0.28%"
"04/01/2014","17.55","17.65","17.75","17.40","7.11K","-1.68%"
"04/02/2014","17.45","17.35","17.55","17.25","5.03K","-0.57%"
"04/03/2014","17.30","17.40","17.50","16.95","10.93K","-0.86%"
"04/04/2014","17.25","17.20","17.30","16.90","8.23K","-0.29%"
"04/05/2014","17.25","17.25","17.25","17.25","","0.00%"
"04/07/2014","18.00","17.65","18.00","17.60","6.45K","4.35%"
"04/08/2014","17.85","18.00","18.50","17.70","9.98K","-0.83%"
"04/09/2014","17.60","17.70","17.80","17.45","4.65K","-1.40%"
"04/10/2014","17.55","17.35","17.90","17.05","7.43K","-0.28%"
"04/11/2014","18.65","18.25","18.80","17.95","19.51K","6.27%"
"04/14/2014","18.55","18.90","19.75","18.55","15.87K","-0.54%"
"04/15/2014","19.45","18.45","19.55","18.15","15.85K","4.85%"
"04/16/2014","19.00","18.75","19.00","18.15","9.55K","-2.31%"
"04/17/2014","18.70","19.05","19.20","18.70","9.12K","-1.58%"
"04/22/2014","18.20","18.45","18.65","18.10","7.70K","-2.67%"
"04/23/2014","18.50","18.25","18.70","18.15","6.69K","1.65%"
"04/24/2014","18.55","18.40","19.10","18.15","11.71K","0.27%"
"04/25/2014","19.40","18.65","19.55","18.60","10.44K","4.58%"
"04/28/2014","19.10","19.05","19.30","18.85","8.99K","-1.55%"
"04/29/2014","18.55","18.70","18.85","18.45","4.33K","-2.88%"
"04/30/2014","18.40","18.55","18.65","18.35","4.97K","-0.81%"
"05/01/2014","18.40","18.40","18.40","18.40","","0.00%"
"05/02/2014","18.75","18.45","18.75","18.05","8.76K","1.90%"
"05/05/2014","18.70","18.70","19.20","18.35","7.53K","-0.27%"
"05/06/2014","18.80","18.50","19.05","18.25","5.51K","0.53%"
"05/07/2014","18.50","19.10","19.15","18.40","4.74K","-1.60%"
"05/08/2014","17.90","18.15","18.35","17.75","8.22K","-3.24%"
"05/09/2014","18.05","18.00","18.35","18.00","2.54K","0.84%"
"05/12/2014","17.35","17.90","17.90","17.30","6.41K","-3.88%"
"05/13/2014","17.10","17.30","17.30","17.10","6.81K","-1.44%"
"05/14/2014","17.05","17.15","17.30","17.00","3.40K","-0.29%"
"05/15/2014","18.00","17.20","18.00","16.75","16.90K","5.57%"
"05/16/2014","17.10","17.85","17.85","17.00","10.99K","-5.00%"
"05/18/2014","17.10","17.10","17.10","17.10","","0.00%"
"05/19/2014","16.40","16.95","17.50","16.25","11.43K","-4.09%"
"05/20/2014","16.00","16.40","16.40","15.90","9.91K","-2.44%"
"05/21/2014","17.30","16.15","17.35","15.15","13.85K","8.12%"
"05/22/2014","17.10","17.30","17.30","17.05","4.28K","-1.16%"
"05/23/2014","17.25","17.00","17.35","17.00","4.20K","0.88%"
"05/26/2014","16.80","16.95","16.95","16.75","2.52K","-2.61%"
"05/27/2014","16.75","16.75","16.95","16.60","6.99K","-0.30%"
"05/28/2014","16.70","16.80","16.90","16.70","5.24K","-0.30%"
"05/29/2014","16.75","16.75","16.85","16.60","5.33K","0.30%"
"05/30/2014","16.90","16.80","16.95","16.70","6.10K","0.90%"
"06/02/2014","16.75","16.80","17.10","16.60","4.41K","-0.89%"
"06/03/2014","16.95","16.80","17.20","16.80","6.21K","1.19%"
"06/04/2014","16.65","17.05","17.20","16.65","12.99K","-1.77%"
"06/05/2014","15.75","16.65","16.80","15.65","22.16K","-5.41%"
"06/06/2014","14.90","15.65","15.70","14.65","13.33K","-5.40%"
"06/09/2014","14.50","14.85","14.85","14.45","4.24K","-2.68%"
"06/10/2014","14.20","14.45","14.60","14.20","3.74K","-2.07%"
"06/11/2014","14.45","14.25","14.50","14.10","12.49K","1.76%"
"06/12/2014","14.55","14.40","14.70","14.15","8.35K","0.69%"
"06/13/2014","14.65","14.50","15.30","14.50","15.66K","0.69%"
"06/16/2014","15.10","14.80","15.25","14.80","12.72K","3.07%"
"06/17/2014","14.20","14.95","14.95","14.20","31.72K","-5.96%"
"06/18/2014","15.55","13.95","15.90","13.15","11.09K","9.51%"
"06/19/2014","14.75","15.25","15.25","14.60","12.96K","-5.14%"
"06/20/2014","14.65","14.90","14.95","14.60","9.59K","-0.68%"
"06/22/2014","14.65","14.65","14.65","14.65","","0.00%"
"06/23/2014","14.95","14.80","15.15","14.80","6.28K","2.05%"
"06/24/2014","14.80","14.85","15.05","14.75","3.74K","-1.00%"
"06/25/2014","15.35","15.15","15.60","14.95","10.80K","3.72%"
"06/26/2014","15.50","15.20","15.75","15.00","7.81K","0.98%"
"06/27/2014","15.55","15.55","15.70","15.35","3.76K","0.32%"
"06/30/2014","15.35","15.35","15.65","15.25","3.30K","-1.29%"
"07/01/2014","14.80","15.30","15.30","14.80","3.73K","-3.58%"
"07/02/2014","14.55","14.75","14.80","14.50","3.09K","-1.69%"
"07/03/2014","14.00","14.55","14.55","13.85","11.13K","-3.78%"
"07/04/2014","14.00","14.00","14.00","13.80","0.61K","0.00%"
"07/07/2014","14.45","14.15","14.45","13.95","6.77K","3.21%"
"07/08/2014","15.15","14.40","15.30","14.40","11.39K","4.84%"
"07/09/2014","14.85","15.20","15.25","14.70","7.17K","-1.98%"
"07/10/2014","16.20","14.95","16.70","14.95","29.31K","9.09%"
"07/11/2014","16.05","15.80","16.25","15.40","9.38K","-0.93%"
"07/12/2014","16.05","16.05","16.05","16.05","","0.00%"
"07/13/2014","16.05","16.05","16.05","16.05","","0.00%"
"07/14/2014","15.05","15.80","15.80","14.90","10.91K","-6.23%"
"07/15/2014","15.55","15.15","15.65","14.90","12.18K","3.32%"
"07/16/2014","15.80","15.35","15.95","14.50","11.07K","1.61%"
"07/17/2014","16.50","15.95","16.60","15.85","7.54K","4.43%"
"07/18/2014","16.50","17.30","17.30","16.35","11.40K","0.00%"
"07/20/2014","16.50","16.50","16.50","16.50","","0.00%"
"07/21/2014","16.85","16.55","17.10","16.45","10.68K","2.12%"
"07/22/2014","16.25","16.60","16.60","16.15","6.80K","-3.56%"
"07/23/2014","16.20","16.25","16.25","15.95","3.73K","-0.31%"
"07/24/2014","16.25","16.30","16.60","15.90","6.51K","0.31%"
"07/25/2014","16.90","16.40","16.95","16.25","4.23K","4.00%"
"07/27/2014","16.90","16.90","16.90","16.90","","0.00%"
"07/28/2014","16.75","16.70","17.15","16.60","13.26K","-0.89%"
"07/29/2014","16.55","16.60","16.80","16.30","4.06K","-1.19%"
"07/30/2014","16.70","16.55","16.90","16.30","4.63K","0.91%"
"07/31/2014","17.85","16.95","17.90","16.80","17.78K","6.89%"
"08/01/2014","18.50","18.00","18.75","17.55","12.61K","3.64%"
"08/04/2014","18.35","18.45","18.70","18.20","8.51K","-0.81%"
"08/05/2014","17.80","18.05","18.15","17.65","9.71K","-3.00%"
"08/06/2014","18.05","18.60","19.00","17.85","12.37K","1.40%"
"08/07/2014","18.85","18.35","18.85","18.15","12.71K","4.43%"
"08/08/2014","20.05","19.85","20.10","19.20","34.34K","6.37%"
"08/10/2014","20.05","20.05","20.05","20.05","","0.00%"
"08/11/2014","18.60","19.20","19.55","18.40","11.67K","-7.23%"
"08/12/2014","18.90","18.70","19.05","18.35","4.94K","1.61%"
"08/13/2014","17.80","18.40","18.40","17.80","4.92K","-5.82%"
"08/14/2014","17.25","18.00","18.25","17.15","11.18K","-3.09%"
"08/15/2014","19.15","17.10","19.30","16.35","17.26K","11.01%"
"08/18/2014","17.15","17.25","17.70","17.05","14.66K","-10.44%"
"08/19/2014","16.10","16.75","16.85","15.65","26.63K","-6.12%"
"08/20/2014","17.05","16.15","17.20","16.15","7.48K","5.90%"
"08/21/2014","16.75","17.00","17.20","16.65","6.79K","-1.76%"
"08/22/2014","17.00","16.80","17.25","16.60","10.37K","1.49%"
"08/25/2014","16.50","16.50","16.90","16.45","2.86K","-2.94%"
"08/26/2014","16.30","16.50","16.70","16.30","6.95K","-1.21%"
"08/27/2014","16.50","16.45","16.55","16.40","6.34K","1.23%"
"08/28/2014","17.25","16.55","17.70","16.55","9.44K","4.55%"
"08/29/2014","17.50","17.10","17.85","16.80","8.82K","1.45%"
"09/01/2014","17.80","17.45","17.85","17.35","7.34K","1.71%"
"09/02/2014","17.60","17.50","17.75","17.40","6.96K","-1.12%"
"09/03/2014","17.10","17.50","17.50","16.85","9.61K","-2.84%"
"09/04/2014","16.20","17.20","17.20","16.05","19.98K","-5.26%"
"09/05/2014","16.10","16.20","16.45","15.95","9.73K","-0.62%"
"09/08/2014","16.15","16.10","16.35","15.95","7.04K","0.31%"
"09/09/2014","16.35","16.20","16.40","16.00","8.04K","1.24%"
"09/10/2014","16.50","16.45","16.70","16.30","12.16K","0.92%"
"09/11/2014","16.60","16.40","17.05","16.35","9.88K","0.61%"
"09/12/2014","16.10","16.50","16.55","16.05","8.05K","-3.01%"
"09/13/2014","16.10","16.10","16.10","16.10","","0.00%"
"09/15/2014","16.70","16.35","16.75","16.35","13.89K","3.73%"
"09/16/2014","17.00","16.85","17.25","16.85","15.59K","1.80%"
"09/17/2014","17.25","16.20","17.25","16.20","15.48K","1.47%"
"09/18/2014","17.00","16.95","17.10","16.85","6.74K","-1.45%"
"09/19/2014","16.40","16.50","16.70","16.35","17.09K","-3.53%"
"09/22/2014","16.80","16.80","16.90","16.50","10.22K","2.44%"
"09/23/2014","17.55","17.05","17.55","17.05","14.01K","4.46%"
"09/24/2014","17.00","17.60","17.75","17.00","9.36K","-3.13%"
"09/25/2014","17.60","16.95","17.80","16.80","12.62K","3.53%"
"09/26/2014","17.80","17.80","17.90","17.50","9.26K","1.14%"
"09/27/2014","17.80","17.80","17.80","17.80","","0.00%"
"09/29/2014","18.15","17.85","18.55","17.75","12.94K","1.97%"
"09/30/2014","18.10","18.20","18.55","17.95","14.77K","-0.28%"
"10/01/2014","18.80","18.30","18.85","18.15","12.21K","3.87%"
"10/02/2014","19.70","19.00","19.70","18.60","18.95K","4.79%"
"10/03/2014","18.70","19.05","19.35","18.65","21.29K","-5.08%"
"10/05/2014","18.70","18.70","18.70","18.70","","0.00%"
"10/06/2014","18.60","18.35","18.60","18.05","12.88K","-0.53%"
"10/07/2014","19.85","18.75","19.85","18.75","9.69K","6.72%"
"10/08/2014","20.05","20.05","20.35","19.80","12.80K","1.01%"
"10/09/2014","19.45","19.00","19.60","18.80","22.16K","-2.99%"
"10/10/2014","21.40","19.95","21.40","19.60","19.11K","10.03%"
"10/13/2014","22.10","23.00","23.00","21.45","18.82K","3.27%"
"10/14/2014","22.65","23.00","24.05","22.50","25.47K","2.49%"
"10/15/2014","26.25","23.05","26.50","22.55","26.65K","15.89%"
"10/16/2014","27.85","25.70","29.40","25.15","31.97K","6.10%"
"10/17/2014","24.30","27.15","27.25","23.85","22.98K","-12.75%"
"10/20/2014","24.55","24.65","25.40","24.25","11.08K","1.03%"
"10/21/2014","22.05","24.50","24.65","22.00","16.87K","-10.18%"
"10/22/2014","20.15","21.80","22.55","20.00","18.92K","-8.62%"
"10/23/2014","20.25","21.00","21.20","20.00","9.70K","0.50%"
"10/24/2014","20.70","20.45","21.25","20.35","16.00K","2.22%"
"10/27/2014","21.25","20.05","21.75","20.00","12.10K","2.66%"
"10/28/2014","19.90","20.75","20.75","19.90","5.49K","-6.35%"
"10/29/2014","20.15","19.55","20.25","19.45","5.22K","1.26%"
"10/30/2014","19.85","19.60","20.95","19.55","9.57K","-1.49%"
"10/31/2014","19.45","19.35","19.65","18.90","5.26K","-2.02%"
"11/03/2014","19.85","19.35","19.85","19.30","4.08K","2.06%"
"11/04/2014","20.55","19.70","20.70","19.60","13.98K","3.53%"
"11/05/2014","20.05","20.05","20.25","19.75","7.88K","-2.43%"
"11/06/2014","19.75","19.95","20.20","19.15","29.41K","-1.50%"
"11/07/2014","20.05","19.40","20.30","19.20","12.52K","1.52%"
"11/10/2014","18.90","20.05","20.05","18.90","8.44K","-5.74%"
"11/11/2014","18.25","18.95","18.95","18.25","8.63K","-3.44%"
"11/12/2014","19.55","18.35","19.65","18.30","8.28K","7.12%"
"11/13/2014","19.60","19.10","20.05","18.85","7.21K","0.26%"
"11/14/2014","19.70","19.40","20.25","19.40","7.17K","0.51%"
"11/16/2014","19.70","19.70","19.70","19.70","","0.00%"
"11/17/2014","19.25","19.90","20.50","19.15","14.45K","-2.28%"
"11/18/2014","18.80","19.05","19.15","18.65","14.60K","-2.34%"
"11/19/2014","17.70","19.10","19.30","17.30","9.12K","-5.85%"
"11/20/2014","17.85","17.95","18.35","17.85","5.28K","0.85%"
"11/21/2014","17.50","17.65","17.75","17.30","4.82K","-1.96%"
"11/24/2014","17.80","17.35","17.85","17.35","3.90K","1.71%"
"11/25/2014","17.70","17.75","17.85","17.45","8.10K","-0.56%"
"11/26/2014","17.20","17.75","17.75","17.15","6.95K","-2.82%"
"11/27/2014","17.25","17.30","17.30","17.10","4.81K","0.29%"
"11/28/2014","17.20","17.20","17.45","17.15","4.82K","-0.29%"
"12/01/2014","17.70","17.55","17.95","17.45","7.70K","2.91%"
"12/02/2014","17.65","17.75","18.10","17.55","4.53K","-0.28%"
"12/03/2014","17.05","17.60","17.60","17.05","9.73K","-3.40%"
"12/04/2014","17.35","17.15","17.35","16.45","8.56K","1.76%"
"12/05/2014","16.35","16.90","16.90","16.20","7.67K","-5.76%"
"12/08/2014","16.60","16.50","16.85","16.40","6.09K","1.53%"
"12/09/2014","18.95","17.35","19.00","17.25","22.71K","14.16%"
"12/10/2014","19.75","18.75","20.10","18.50","12.00K","4.22%"
"12/11/2014","19.60","20.00","21.20","19.50","19.89K","-0.76%"
"12/12/2014","24.05","21.20","24.05","20.90","17.64K","22.70%"
"12/15/2014","27.15","23.45","27.15","23.00","14.02K","12.89%"
"12/16/2014","25.50","26.15","30.50","25.50","19.39K","-6.08%"
"12/17/2014","24.05","26.60","27.85","24.05","14.75K","-5.69%"
"12/18/2014","22.65","22.40","22.75","21.85","14.47K","-5.82%"
"12/19/2014","22.75","22.15","23.85","22.05","14.37K","0.44%"
"12/22/2014","22.50","22.35","22.80","22.15","1.90K","-1.10%"
"12/23/2014","22.50","22.40","22.55","22.15","1.66K","0.00%"
"12/29/2014","23.90","22.35","23.90","22.35","3.73K","6.22%"
"12/30/2014","24.90","23.95","24.90","23.50","4.97K","4.18%"
"01/02/2015","26.70","24.90","27.10","24.85","12.81K","7.23%"
"01/05/2015","28.05","27.10","28.05","26.30","10.16K","5.06%"
"01/06/2015","28.25","27.80","28.30","26.55","12.38K","0.71%"
"01/07/2015","27.25","27.60","27.75","26.70","6.70K","-3.54%"
"01/08/2015","25.70","26.40","26.40","25.50","10.47K","-5.69%"
"01/09/2015","26.85","25.65","27.15","25.25","13.11K","4.47%"
"01/12/2015","28.10","26.50","29.15","26.05","12.08K","4.66%"
"01/13/2015","27.60","28.15","28.25","27.50","11.60K","-1.78%"
"01/14/2015","29.05","29.00","29.10","27.70","16.02K","5.25%"
"01/15/2015","27.95","28.30","30.05","27.55","24.70K","-3.79%"
"01/16/2015","28.60","28.00","29.45","28.00","15.01K","2.33%"
"01/17/2015","28.60","28.60","28.60","28.60","","0.00%"
"01/19/2015","27.40","28.45","28.80","27.30","10.88K","-4.20%"
"01/20/2015","27.05","27.15","27.20","25.90","16.77K","-1.28%"
"01/21/2015","23.95","27.00","27.55","23.70","17.78K","-11.46%"
"01/22/2015","22.90","23.55","24.00","22.40","13.05K","-4.38%"
"01/23/2015","23.00","22.55","23.35","21.95","11.30K","0.44%"
"01/25/2015","23.00","23.00","23.00","23.00","","0.00%"
"01/26/2015","22.15","23.10","23.15","21.95","12.34K","-3.70%"
"01/27/2015","23.15","21.95","23.65","21.65","17.36K","4.51%"
"01/28/2015","23.00","22.70","23.60","22.50","8.25K","-0.65%"
"01/29/2015","24.00","23.70","24.35","23.40","16.06K","4.35%"
"01/30/2015","24.90","23.10","24.95","23.10","8.98K","3.75%"
"02/02/2015","24.85","24.85","25.70","24.35","7.82K","-0.20%"
"02/03/2015","23.55","24.25","24.25","23.20","11.26K","-5.23%"
"02/04/2015","22.85","23.15","23.80","22.85","8.87K","-2.97%"
"02/05/2015","22.90","23.90","24.05","22.90","7.98K","0.22%"
"02/06/2015","22.35","22.95","23.15","22.10","14.53K","-2.40%"
"02/09/2015","24.35","24.20","25.00","23.65","13.62K","8.95%"
"02/10/2015","24.50","24.15","25.00","23.35","9.82K","0.62%"
"02/11/2015","24.75","24.30","25.25","24.10","8.18K","1.02%"
"02/12/2015","23.90","24.90","24.90","23.30","7.82K","-3.43%"
"02/13/2015","24.05","23.30","24.10","22.65","14.95K","0.63%"
"02/16/2015","24.55","24.15","25.20","24.15","7.17K","2.08%"
"02/17/2015","24.75","25.55","26.25","24.45","10.56K","0.81%"
"02/18/2015","23.05","24.65","24.65","22.85","10.70K","-6.87%"
"02/19/2015","23.00","23.20","24.10","22.75","8.62K","-0.22%"
"02/20/2015","23.35","23.25","24.20","22.95","15.47K","1.52%"
"02/21/2015","23.35","23.35","23.35","23.35","","0.00%"
"02/23/2015","21.90","22.55","22.75","21.80","10.71K","-6.21%"
"02/24/2015","20.15","21.65","21.65","20.05","16.92K","-7.99%"
"02/25/2015","19.85","20.05","20.05","19.55","11.63K","-1.49%"
"02/26/2015","19.15","19.80","19.85","19.05","10.43K","-3.53%"
"02/27/2015","18.90","18.90","19.40","18.90","12.09K","-1.31%"
"03/02/2015","18.50","19.00","19.00","18.30","10.03K","-2.12%"
"03/03/2015","19.60","18.50","20.10","18.35","18.74K","5.95%"
"03/04/2015","19.10","19.55","20.55","19.10","18.20K","-2.55%"
"03/05/2015","18.75","19.05","19.45","18.55","11.42K","-1.83%"
"03/06/2015","19.55","18.75","19.65","18.40","9.67K","4.27%"
"03/09/2015","19.25","19.60","19.90","19.25","4.99K","-1.53%"
"03/10/2015","20.50","19.45","21.00","19.45","18.37K","6.49%"
"03/11/2015","19.85","20.00","20.50","19.70","6.08K","-3.17%"
"03/12/2015","19.50","20.10","20.50","19.50","4.47K","-1.76%"
"03/13/2015","19.30","19.35","19.90","19.20","11.58K","-1.03%"
"03/14/2015","19.30","19.30","19.30","19.30","","0.00%"
"03/16/2015","19.40","19.85","19.85","19.10","12.63K","0.52%"
"03/17/2015","20.15","19.50","20.70","19.30","19.93K","3.87%"
"03/18/2015","21.25","20.45","21.95","20.25","22.05K","5.46%"
"03/19/2015","21.30","21.20","22.05","20.55","25.22K","0.24%"
"03/20/2015","20.40","21.30","21.50","20.40","7.44K","-4.23%"
"03/23/2015","21.10","20.70","21.30","20.70","7.93K","3.43%"
"03/24/2015","20.10","21.10","21.10","19.85","22.26K","-4.74%"
"03/25/2015","21.15","20.00","21.15","19.90","13.11K","5.22%"
"03/26/2015","21.25","21.35","22.30","21.15","12.90K","0.47%"
"03/27/2015","21.25","21.00","21.85","20.65","11.36K","0.00%"
"03/30/2015","20.70","21.00","21.30","20.70","7.63K","-2.59%"
"03/31/2015","21.60","20.85","21.80","20.55","10.02K","4.35%"
"04/01/2015","21.60","22.00","22.00","21.35","12.86K","0.00%"
"04/02/2015","21.10","21.70","21.70","21.10","8.84K","-2.31%"
"04/07/2015","20.30","20.85","20.85","20.05","14.00K","-3.79%"
"04/08/2015","19.95","20.05","20.40","19.85","9.31K","-1.72%"
"04/09/2015","18.75","19.80","19.80","18.75","18.24K","-6.02%"
"04/10/2015","18.55","18.75","19.05","18.40","22.51K","-1.07%"
"04/13/2015","18.65","18.35","18.90","18.10","20.45K","0.54%"
"04/14/2015","18.80","18.60","19.30","18.45","18.29K","0.80%"
"04/15/2015","19.90","18.60","20.00","18.05","17.94K","5.85%"
"04/16/2015","20.60","20.05","20.80","20.05","8.19K","3.52%"
"04/17/2015","22.95","20.70","23.20","20.60","28.01K","11.41%"
"04/20/2015","21.50","22.50","22.50","21.35","14.89K","-6.32%"
"04/21/2015","21.85","21.20","22.25","21.15","14.38K","1.63%"
"04/22/2015","21.90","21.60","22.50","21.40","14.77K","0.23%"
"04/23/2015","22.05","21.80","22.60","21.80","16.10K","0.68%"
"04/24/2015","21.75","22.15","22.45","21.60","14.66K","-1.36%"
"04/27/2015","21.50","21.70","22.25","20.95","13.45K","-1.15%"
"04/28/2015","21.25","21.15","22.20","21.10","16.29K","-1.16%"
"04/29/2015","22.40","21.10","22.85","21.10","18.87K","5.41%"
"04/30/2015","22.90","22.65","23.20","22.30","9.46K","2.23%"
"05/04/2015","22.40","22.55","23.05","21.90","8.96K","-2.18%"
"05/05/2015","23.20","22.40","23.30","22.00","17.19K","3.57%"
"05/06/2015","23.50","23.15","23.95","23.05","21.92K","1.29%"
"05/07/2015","23.05","23.95","24.35","22.80","15.21K","-1.91%"
"05/08/2015","20.95","22.55","22.75","20.95","12.51K","-9.11%"
"05/11/2015","21.50","21.15","21.60","21.00","9.67K","2.63%"
"05/12/2015","22.05","22.00","22.80","21.95","12.62K","2.56%"
"05/13/2015","22.25","21.90","22.55","21.45","9.95K","0.91%"
"05/14/2015","21.40","22.40","22.60","21.25","6.22K","-3.82%"
"05/15/2015","21.60","21.10","21.85","20.80","10.50K","0.93%"
"05/18/2015","20.85","21.75","21.90","20.70","19.11K","-3.47%"
"05/19/2015","19.85","19.65","20.20","19.20","26.69K","-4.80%"
"05/20/2015","20.15","20.00","20.45","19.85","17.06K","1.51%"
"05/21/2015","20.00","20.20","20.75","20.00","9.38K","-0.74%"
"05/22/2015","20.25","19.90","20.55","19.80","13.65K","1.25%"
"05/26/2015","21.20","20.35","21.55","20.15","10.04K","4.69%"
"05/27/2015","20.65","21.50","21.60","20.45","8.96K","-2.59%"
"05/28/2015","21.30","20.65","21.55","20.65","5.70K","3.15%"
"05/29/2015","22.00","21.55","22.20","21.45","7.73K","3.29%"
"06/01/2015","22.20","21.95","22.85","21.70","15.12K","0.91%"
"06/02/2015","22.45","22.60","23.00","22.35","13.96K","1.13%"
"06/03/2015","22.05","22.50","22.75","21.80","12.99K","-1.78%"
"06/04/2015","22.95","22.35","23.10","22.05","13.28K","4.08%"
"06/05/2015","23.10","23.05","23.55","22.90","13.55K","0.65%"
"06/08/2015","24.25","23.50","24.40","23.20","19.63K","4.98%"
"06/09/2015","23.95","24.15","24.90","23.85","14.55K","-1.24%"
"06/10/2015","22.60","24.20","24.20","22.45","9.07K","-5.64%"
"06/11/2015","22.80","22.70","22.90","22.10","8.57K","0.88%"
"06/12/2015","23.90","22.95","24.85","22.65","24.46K","4.82%"
"06/15/2015","26.90","25.15","26.95","24.70","19.12K","12.55%"
"06/16/2015","28.30","27.50","28.70","27.40","24.16K","5.20%"
"06/17/2015","24.40","28.20","28.75","23.60","29.85K","-13.78%"
"06/18/2015","23.90","24.20","25.35","23.30","16.20K","-2.05%"
"06/19/2015","23.70","24.05","24.10","23.25","16.56K","-0.84%"
"06/22/2015","21.50","22.45","23.00","21.30","21.98K","-9.28%"
"06/23/2015","20.25","20.90","20.90","20.10","34.20K","-5.81%"
"06/24/2015","21.45","20.30","21.60","20.30","13.18K","5.93%"
"06/25/2015","21.70","21.60","21.90","20.60","12.02K","1.17%"
"06/26/2015","21.95","22.15","22.30","21.35","12.41K","1.15%"
"06/29/2015","26.05","24.40","26.45","23.75","19.04K","18.68%"
"06/30/2015","26.35","25.55","26.90","25.10","17.71K","1.15%"
"07/01/2015","24.20","25.95","25.95","23.65","20.68K","-8.16%"
"07/02/2015","24.85","24.00","25.15","24.00","11.07K","2.69%"
"07/03/2015","25.35","25.30","25.95","25.05","11.79K","2.01%"
"07/06/2015","26.15","27.50","27.50","25.70","19.93K","3.16%"
"07/07/2015","25.80","25.75","27.55","25.55","14.59K","-1.34%"
"07/08/2015","27.40","26.40","27.60","26.35","9.72K","6.20%"
"07/09/2015","25.80","26.80","26.85","25.25","11.70K","-5.84%"
"07/10/2015","23.15","23.60","24.95","23.10","19.48K","-10.27%"
"07/13/2015","21.85","23.30","23.30","21.40","21.27K","-5.62%"
"07/14/2015","20.60","21.85","22.10","20.30","13.87K","-5.72%"
"07/15/2015","20.45","20.60","21.45","20.30","17.13K","-0.73%"
"07/16/2015","18.90","20.25","20.25","18.40","25.89K","-7.58%"
"07/17/2015","18.90","18.65","19.25","18.35","13.67K","0.00%"
"07/20/2015","18.40","18.40","18.65","17.95","29.42K","-2.65%"
"07/21/2015","17.75","18.20","18.35","17.45","22.71K","-3.53%"
"07/22/2015","19.55","18.00","19.90","17.55","6.61K","10.14%"
"07/23/2015","19.50","19.55","19.75","19.25","11.86K","-0.26%"
"07/24/2015","20.25","19.35","20.30","19.05","10.98K","3.85%"
"07/27/2015","22.10","20.45","22.20","20.40","20.16K","9.14%"
"07/28/2015","20.45","21.55","21.55","20.30","15.33K","-7.47%"
"07/29/2015","20.40","19.95","20.85","19.95","2.34K","-0.24%"
"07/30/2015","20.05","20.30","21.05","20.00","5.74K","-1.72%"
"07/31/2015","20.10","20.20","20.45","20.00","6.07K","0.25%"
"08/03/2015","19.45","20.15","20.25","19.35","8.10K","-3.23%"
"08/04/2015","19.15","19.25","19.70","19.00","9.85K","-1.54%"
"08/05/2015","18.65","19.05","19.05","18.25","11.59K","-2.61%"
"08/06/2015","19.05","18.95","19.20","18.45","7.42K","2.14%"
"08/07/2015","19.45","19.30","19.45","18.60","5.91K","2.10%"
"08/10/2015","18.65","19.05","19.55","18.60","8.12K","-4.11%"
"08/11/2015","19.85","18.75","20.05","18.70","12.48K","6.43%"
"08/12/2015","21.05","20.85","23.00","20.85","26.58K","6.05%"
"08/13/2015","21.75","21.35","22.30","20.90","12.83K","3.33%"
"08/14/2015","22.50","21.80","22.60","21.10","9.46K","3.45%"
"08/17/2015","22.15","21.75","22.75","21.50","13.56K","-1.56%"
"08/18/2015","21.95","22.20","22.55","21.85","7.62K","-0.90%"
"08/19/2015","22.25","22.45","23.50","21.70","11.04K","1.37%"
"08/20/2015","23.25","22.60","23.30","22.10","12.97K","4.49%"
"08/21/2015","25.45","24.00","25.55","22.85","14.59K","9.46%"
"08/24/2015","27.75","29.00","30.05","26.15","40.33K","9.04%"
"08/25/2015","28.55","27.50","28.75","25.40","17.67K","2.88%"
"08/26/2015","27.10","27.50","29.20","26.65","15.47K","-5.08%"
"08/27/2015","27.05","26.60","28.10","25.40","20.28K","-0.18%"
"08/28/2015","28.10","26.85","28.95","26.80","21.84K","3.88%"
"08/31/2015","29.00","28.10","29.20","27.95","4.66K","3.20%"
"09/01/2015","32.55","30.75","33.10","29.85","14.43K","12.24%"
"09/02/2015","30.15","31.30","32.10","30.00","16.73K","-7.37%"
"09/03/2015","29.80","30.05","30.40","28.20","22.07K","-1.16%"
"09/04/2015","33.00","30.00","33.70","29.95","16.50K","10.74%"
"09/07/2015","33.00","31.80","33.25","30.90","6.02K","0.00%"
"09/08/2015","30.20","31.90","32.05","30.15","9.45K","-8.48%"
"09/09/2015","30.60","28.95","30.70","27.85","19.35K","1.32%"
"09/10/2015","29.85","30.20","31.55","28.95","10.38K","-2.45%"
"09/11/2015","29.75","29.35","31.10","29.35","7.40K","-0.34%"
"09/14/2015","30.40","30.85","30.90","29.20","12.87K","2.18%"
"09/15/2015","29.40","30.15","31.70","29.30","13.83K","-3.29%"
"09/16/2015","25.20","29.00","29.00","25.15","15.39K","-14.29%"
"09/17/2015","24.65","25.05","25.25","22.95","20.01K","-2.18%"
"09/18/2015","26.20","25.50","26.60","24.50","23.32K","6.29%"
"09/21/2015","25.50","26.10","26.25","25.30","9.45K","-2.67%"
"09/22/2015","27.10","25.55","27.90","25.40","17.79K","6.27%"
"09/23/2015","26.85","27.10","27.85","26.65","5.58K","-0.92%"
"09/24/2015","27.75","27.00","29.00","26.55","16.82K","3.35%"
"09/25/2015","28.35","27.25","28.80","26.95","7.65K","2.16%"
"09/28/2015","29.45","27.60","29.75","27.60","13.93K","3.88%"
"09/29/2015","29.55","29.80","30.40","29.10","13.30K","0.34%"
"09/30/2015","28.75","28.50","29.25","28.20","6.22K","-2.71%"
"10/01/2015","28.75","27.85","29.65","27.85","5.29K","0.00%"
"10/02/2015","27.90","28.30","29.70","27.90","14.10K","-2.96%"
"10/05/2015","26.70","27.90","27.95","26.60","12.24K","-4.30%"
"10/06/2015","25.85","26.40","27.60","25.70","15.00K","-3.18%"
"10/07/2015","25.05","25.60","25.85","24.90","15.51K","-3.09%"
"10/08/2015","24.35","25.60","26.05","24.15","7.17K","-2.79%"
"10/09/2015","24.00","24.00","24.70","24.00","9.02K","-1.44%"
"10/12/2015","23.35","24.10","24.30","23.25","11.47K","-2.71%"
"10/13/2015","24.85","23.25","24.85","23.25","12.49K","6.42%"
"10/14/2015","24.65","24.85","25.25","24.05","10.98K","-0.80%"
"10/15/2015","23.75","24.00","24.70","23.70","6.78K","-3.65%"
"10/16/2015","23.50","23.70","23.90","23.35","13.70K","-1.05%"
"10/19/2015","22.50","23.35","23.35","22.50","15.53K","-4.26%"
"10/20/2015","22.10","22.25","22.90","22.10","10.86K","-1.78%"
"10/21/2015","23.45","22.40","23.45","21.15","9.46K","6.11%"
"10/22/2015","22.00","23.15","23.15","21.85","16.68K","-6.18%"
"10/23/2015","22.20","21.85","22.55","21.35","14.67K","0.91%"
"10/26/2015","22.50","22.45","22.60","21.95","5.47K","1.35%"
"10/27/2015","22.20","22.50","22.80","22.15","11.84K","-1.33%"
"10/28/2015","21.75","22.20","22.70","21.75","10.96K","-2.03%"
"10/29/2015","22.30","22.15","22.70","21.80","10.76K","2.53%"
"10/30/2015","22.30","21.90","22.30","21.65","5.67K","0.00%"
"11/02/2015","21.55","22.50","22.75","21.45","9.24K","-3.36%"
"11/03/2015","21.85","21.75","21.95","21.50","9.99K","1.39%"
"11/04/2015","22.10","22.00","22.15","21.55","8.91K","1.14%"
"11/05/2015","21.85","22.05","22.50","21.80","5.89K","-1.13%"
"11/06/2015","21.40","22.15","22.35","21.40","6.01K","-2.06%"
"11/09/2015","22.70","21.70","23.15","21.35","11.13K","6.07%"
"11/10/2015","22.35","22.55","23.15","22.10","17.11K","-1.54%"
"11/11/2015","22.40","22.75","22.75","21.95","10.68K","0.22%"
"11/12/2015","24.30","22.80","24.30","22.15","19.42K","8.48%"
"11/13/2015","25.75","24.00","26.05","23.80","25.12K","5.97%"
"11/16/2015","24.50","26.40","26.50","24.50","20.93K","-4.85%"
"11/17/2015","24.35","24.45","25.00","23.50","14.63K","-0.61%"
"11/18/2015","22.10","24.75","25.65","22.10","16.45K","-9.24%"
"11/19/2015","22.75","22.20","22.85","21.95","9.37K","2.94%"
"11/20/2015","22.15","22.60","22.75","22.00","9.05K","-2.64%"
"11/23/2015","21.85","22.15","22.45","21.70","6.69K","-1.35%"
"11/24/2015","22.50","22.10","23.10","22.10","11.12K","2.97%"
"11/25/2015","21.70","22.85","23.00","21.65","9.01K","-3.56%"
"11/26/2015","21.70","21.90","21.90","21.45","4.29K","0.00%"
"11/27/2015","22.35","21.85","22.35","21.65","10.56K","3.00%"
"11/30/2015","22.40","22.40","22.65","22.05","8.96K","0.22%"
"12/01/2015","22.05","22.15","22.40","22.05","15.27K","-1.56%"
"12/02/2015","22.15","22.05","22.15","21.35","16.76K","0.45%"
"12/03/2015","23.60","21.60","23.65","20.70","20.33K","6.55%"
"12/04/2015","21.70","22.35","22.95","21.65","13.46K","-8.05%"
"12/07/2015","21.40","22.20","22.20","21.20","10.67K","-1.38%"
"12/08/2015","23.00","21.80","23.30","21.80","11.58K","7.48%"
"12/09/2015","24.15","23.10","24.65","22.85","7.73K","5.00%"
"12/10/2015","24.35","24.00","24.40","23.55","11.17K","0.83%"
"12/11/2015","27.60","24.25","28.00","24.05","22.93K","13.35%"
"12/14/2015","27.15","26.10","29.35","26.10","34.01K","-1.63%"
"12/15/2015","26.85","27.95","28.00","26.20","14.50K","-1.10%"
"12/16/2015","23.50","26.75","27.55","23.35","21.82K","-12.48%"
"12/17/2015","23.60","23.60","24.20","22.45","14.88K","0.43%"
"12/18/2015","25.10","24.60","25.55","24.25","7.00K","6.36%"
"12/21/2015","24.50","24.90","25.20","24.15","9.14K","-2.39%"
"12/22/2015","23.75","24.10","25.10","23.50","8.87K","-3.06%"
"12/23/2015","22.75","23.30","23.30","22.25","8.75K","-4.21%"
"12/28/2015","23.05","23.00","23.80","22.95","5.10K","1.32%"
"12/29/2015","22.70","23.10","23.30","22.50","4.31K","-1.52%"
"12/30/2015","23.55","22.60","23.55","22.60","4.60K","3.74%"
"01/04/2016","24.95","25.30","25.90","24.80","16.46K","5.94%"
"01/05/2016","24.55","24.65","25.95","24.35","26.03K","-1.60%"
"01/06/2016","25.55","25.35","26.40","25.20","18.87K","4.07%"
"01/07/2016","28.30","27.05","29.25","26.95","26.87K","10.76%"
"01/08/2016","29.70","27.65","30.00","26.80","18.72K","4.95%"
"01/11/2016","27.95","29.45","30.25","27.80","21.21K","-5.89%"
"01/12/2016","27.15","28.55","28.95","27.15","13.86K","-2.86%"
"01/13/2016","29.35","26.60","29.80","26.05","12.36K","8.10%"
"01/14/2016","28.70","28.50","31.10","28.15","25.18K","-2.21%"
"01/15/2016","32.70","29.70","34.25","29.20","38.53K","13.94%"
"01/18/2016","32.75","32.00","33.95","31.10","14.62K","0.15%"
"01/19/2016","30.45","30.65","31.80","30.10","13.50K","-7.02%"
"01/20/2016","30.35","33.15","36.25","30.00","23.41K","-0.33%"
"01/21/2016","30.40","30.45","31.40","29.30","17.21K","0.16%"
"01/22/2016","28.15","29.55","29.55","28.15","17.72K","-7.40%"
"01/25/2016","28.90","28.30","29.05","28.05","16.99K","2.66%"
"01/26/2016","27.90","29.70","30.00","27.90","5.35K","-3.46%"
"01/27/2016","28.70","28.60","28.95","27.35","8.34K","2.87%"
"01/28/2016","28.75","28.00","29.55","27.55","19.88K","0.17%"
"01/29/2016","27.55","28.20","28.80","27.50","9.71K","-4.17%"
"02/01/2016","27.45","27.80","28.45","27.20","11.68K","-0.36%"
"02/02/2016","29.40","27.95","29.50","27.65","8.39K","7.10%"
"02/03/2016","29.30","29.30","30.95","29.00","18.32K","-0.34%"
"02/04/2016","29.40","29.10","30.10","28.80","7.80K","0.34%"
"02/05/2016","30.45","29.50","30.70","28.95","8.24K","3.57%"
"02/08/2016","31.80","29.95","32.80","29.80","14.96K","4.43%"
"02/09/2016","32.60","32.00","34.25","31.80","23.51K","2.52%"
"02/10/2016","32.85","32.35","32.85","31.10","9.50K","0.77%"
"02/11/2016","36.75","33.60","37.40","33.55","22.58K","11.87%"
"02/12/2016","35.45","35.75","36.75","35.30","14.32K","-3.54%"
"02/15/2016","33.65","33.95","34.10","32.35","16.90K","-5.08%"
"02/16/2016","33.25","33.00","33.80","32.35","14.70K","-1.19%"
"02/17/2016","28.50","33.05","33.10","28.45","15.78K","-14.29%"
"02/18/2016","29.05","28.50","29.15","28.20","8.80K","1.93%"
"02/19/2016","28.90","28.95","29.75","28.70","6.79K","-0.52%"
"02/22/2016","27.90","28.25","28.65","27.85","10.64K","-3.46%"
"02/23/2016","28.80","28.45","28.80","28.00","6.73K","3.23%"
"02/24/2016","29.05","28.90","30.70","28.90","8.32K","0.87%"
"02/25/2016","28.70","29.35","29.95","28.70","8.70K","-1.20%"
"02/26/2016","28.70","28.15","28.80","27.95","11.63K","0.00%"
"02/29/2016","28.95","29.50","29.50","28.20","9.13K","0.87%"
"03/01/2016","27.10","28.60","28.70","27.10","14.27K","-6.39%"
"03/02/2016","26.50","26.90","27.10","26.50","12.02K","-2.21%"
"03/03/2016","25.45","26.45","26.60","25.45","15.26K","-3.96%"
"03/04/2016","25.25","25.35","25.60","24.50","26.78K","-0.79%"
"03/07/2016","25.80","25.50","26.00","25.15","24.37K","2.18%"
"03/08/2016","26.75","26.90","26.90","25.95","11.36K","3.68%"
"03/09/2016","26.25","26.50","26.50","25.55","7.21K","-1.87%"
"03/10/2016","26.80","26.00","27.90","23.70","39.18K","2.10%"
"03/11/2016","24.60","25.95","25.95","24.60","20.73K","-8.21%"
"03/14/2016","22.65","24.45","24.45","22.50","15.04K","-7.93%"
"03/15/2016","22.35","22.70","23.65","22.35","14.01K","-1.32%"
"03/16/2016","25.25","22.65","26.05","22.40","14.40K","12.98%"
"03/17/2016","25.15","25.00","26.50","24.70","16.34K","-0.40%"
"03/18/2016","24.50","25.05","25.35","23.75","18.90K","-2.58%"
"03/21/2016","24.15","24.40","24.55","23.40","21.98K","-1.43%"
"03/22/2016","24.10","24.45","25.25","23.95","15.40K","-0.21%"
"03/23/2016","24.60","24.05","24.95","23.55","11.99K","2.07%"
"03/24/2016","25.10","24.80","26.15","24.80","14.81K","2.03%"
"03/29/2016","24.45","24.90","25.50","24.45","5.73K","-2.59%"
"03/30/2016","23.55","24.15","24.25","23.45","20.58K","-3.68%"
"03/31/2016","24.45","23.70","24.50","23.70","11.57K","3.82%"
"04/01/2016","24.60","24.90","25.80","24.60","14.10K","0.61%"
"04/04/2016","24.90","24.60","25.00","24.10","5.78K","1.22%"
"04/05/2016","26.00","25.60","26.20","25.30","9.64K","4.42%"
"04/06/2016","24.60","25.65","26.00","24.60","6.50K","-5.38%"
"04/07/2016","26.60","24.80","26.60","24.30","8.00K","8.13%"
"04/08/2016","25.20","25.60","25.60","24.55","5.24K","-5.26%"
"04/11/2016","25.00","25.30","25.60","24.35","8.25K","-0.79%"
"04/12/2016","23.95","25.15","25.50","23.80","11.83K","-4.20%"
"04/13/2016","22.20","23.35","23.40","22.20","13.82K","-7.31%"
"04/14/2016","21.60","22.40","22.45","21.50","15.72K","-2.70%"
"04/15/2016","21.75","21.45","22.05","21.45","10.85K","0.69%"
"04/18/2016","21.50","22.60","22.70","21.45","10.81K","-1.15%"
"04/19/2016","20.75","21.40","21.40","20.65","16.00K","-3.49%"
"04/20/2016","22.95","20.75","22.95","20.35","14.19K","10.60%"
"04/21/2016","23.20","22.55","23.30","22.55","16.25K","1.09%"
"04/22/2016","23.10","23.30","23.70","23.10","10.33K","-0.43%"
"04/25/2016","23.30","22.80","23.90","22.80","11.66K","0.87%"
"04/26/2016","22.95","22.85","23.15","22.60","11.28K","-1.50%"
"04/27/2016","22.40","22.75","23.15","22.35","5.82K","-2.40%"
"04/28/2016","23.45","23.15","23.95","22.25","22.91K","4.69%"
"04/29/2016","24.25","23.20","25.05","23.10","30.36K","3.41%"
"05/02/2016","24.60","24.40","25.05","24.40","11.87K","1.44%"
"05/03/2016","26.05","24.70","26.30","24.70","26.32K","5.89%"
"05/04/2016","26.50","26.30","27.00","26.05","14.71K","1.73%"
"05/05/2016","26.40","26.60","26.60","25.80","9.17K","-0.38%"
"05/06/2016","25.40","26.80","26.85","25.40","10.79K","-3.79%"
"05/09/2016","24.95","25.20","25.80","24.65","36.61K","-1.77%"
"05/10/2016","24.30","24.45","24.80","24.10","10.26K","-2.61%"
"05/11/2016","24.95","24.45","25.15","24.20","11.00K","2.67%"
"05/12/2016","24.60","25.00","25.20","23.90","17.12K","-1.40%"
"05/13/2016","25.30","25.25","25.45","24.05","14.57K","2.85%"
"05/16/2016","24.30","25.35","25.35","24.30","19.11K","-3.95%"
"05/17/2016","25.05","24.05","25.05","23.50","50.51K","3.09%"
"05/18/2016","27.35","25.00","27.55","24.50","12.98K","9.18%"
"05/19/2016","27.30","27.90","27.90","27.05","9.44K","-0.18%"
"05/20/2016","26.95","26.90","27.35","26.70","15.58K","-1.28%"
"05/23/2016","27.00","26.65","27.20","26.60","12.78K","0.19%"
"05/24/2016","25.40","27.25","27.25","25.40","18.75K","-5.93%"
"05/25/2016","24.55","25.40","25.40","24.35","17.05K","-3.35%"
"05/26/2016","24.60","24.65","24.70","24.30","17.58K","0.20%"
"05/27/2016","24.25","24.60","24.60","24.15","10.96K","-1.42%"
"05/30/2016","24.25","23.95","24.25","23.95","2.52K","0.00%"
"05/31/2016","24.85","24.00","25.30","24.00","11.70K","2.47%"
"06/01/2016","25.80","25.10","26.30","25.10","25.80K","3.82%"
"06/02/2016","25.20","25.70","26.10","25.20","6.21K","-2.33%"
"06/03/2016","25.60","25.20","26.70","24.95","14.54K","1.59%"
"06/06/2016","25.80","25.85","26.10","25.60","4.55K","0.78%"
"06/07/2016","25.75","25.45","25.75","24.85","11.05K","-0.19%"
"06/08/2016","26.20","25.80","26.30","25.45","10.78K","1.75%"
"06/09/2016","27.35","26.55","27.60","26.50","15.03K","4.39%"
"06/10/2016","31.30","27.65","32.75","27.65","35.49K","14.44%"
"06/13/2016","36.95","32.10","37.00","31.90","38.56K","18.05%"
"06/14/2016","37.95","36.90","38.45","36.05","44.73K","2.71%"
"06/15/2016","29.70","37.25","37.65","29.65","13.09K","-21.74%"
"06/16/2016","29.70","31.00","31.95","29.55","34.73K","0.00%"
"06/17/2016","29.10","30.55","30.55","28.80","26.69K","-2.02%"
"06/20/2016","26.55","28.20","28.20","25.65","29.58K","-8.76%"
"06/21/2016","26.00","26.80","26.80","25.40","15.73K","-2.07%"
"06/22/2016","26.45","26.00","26.50","25.55","24.46K","1.73%"
"06/23/2016","23.10","26.35","26.35","23.00","53.59K","-12.67%"
"06/24/2016","31.80","35.00","35.00","27.90","90.80K","37.66%"
"06/27/2016","30.85","30.80","32.45","29.85","26.76K","-2.99%"
"06/28/2016","27.85","30.55","30.55","27.85","35.46K","-9.72%"
"06/29/2016","26.35","27.50","27.50","26.05","27.99K","-5.39%"
"06/30/2016","25.95","26.50","27.40","25.10","22.96K","-1.52%"
"07/01/2016","24.70","25.75","26.20","24.70","21.91K","-4.82%"
"07/04/2016","25.00","24.95","25.25","24.75","9.76K","1.21%"
"07/05/2016","26.20","25.65","26.50","25.60","10.67K","4.80%"
"07/06/2016","26.40","26.35","27.50","26.00","15.80K","0.76%"
"07/07/2016","26.15","26.50","26.70","25.55","17.87K","-0.95%"
"07/08/2016","25.00","26.00","26.15","24.85","11.41K","-4.40%"
"07/11/2016","23.75","24.60","24.80","23.35","15.28K","-5.00%"
"07/12/2016","22.05","23.40","23.40","21.65","31.30K","-7.16%"
"07/13/2016","22.50","22.60","22.90","22.00","13.28K","2.04%"
"07/14/2016","22.00","21.60","23.00","21.60","14.09K","-2.22%"
"07/15/2016","21.25","22.30","22.55","21.10","18.12K","-3.41%"
"07/18/2016","20.75","21.20","21.65","20.65","22.78K","-2.35%"
"07/19/2016","20.65","21.20","22.00","20.65","16.45K","-0.48%"
"07/20/2016","23.25","20.60","23.50","19.95","14.35K","12.59%"
"07/21/2016","23.30","23.25","23.85","22.70","13.90K","0.22%"
"07/22/2016","22.55","23.05","23.15","22.55","10.70K","-3.22%"
"07/25/2016","22.75","22.75","23.10","22.15","18.30K","0.89%"
"07/26/2016","23.10","22.75","23.40","22.65","13.90K","1.54%"
"07/27/2016","22.75","22.80","23.30","22.45","15.49K","-1.52%"
"07/28/2016","22.90","23.15","23.30","22.85","8.50K","0.66%"
"07/29/2016","22.30","22.95","23.15","22.25","12.89K","-2.62%"
"08/01/2016","22.00","21.85","22.60","21.55","9.13K","-1.35%"
"08/02/2016","24.05","22.25","24.35","22.25","22.70K","9.32%"
"08/03/2016","23.75","24.00","24.60","23.75","14.02K","-1.25%"
"08/04/2016","22.55","23.55","23.55","22.10","26.80K","-5.05%"
"08/05/2016","20.90","22.35","22.35","20.65","17.44K","-7.32%"
"08/08/2016","19.95","20.75","20.75","19.85","12.20K","-4.55%"
"08/09/2016","19.50","20.10","20.10","18.95","15.90K","-2.26%"
"08/10/2016","20.10","19.40","20.25","18.95","13.95K","3.08%"
"08/11/2016","19.70","19.80","20.20","19.45","17.42K","-1.99%"
"08/12/2016","19.30","19.45","19.55","19.20","13.20K","-2.03%"
"08/15/2016","18.80","19.30","19.55","18.65","19.70K","-2.59%"
"08/16/2016","20.50","19.60","20.50","19.10","30.26K","9.04%"
"08/17/2016","22.45","20.40","23.10","20.10","10.83K","9.51%"
"08/18/2016","22.50","22.60","22.75","22.45","11.19K","0.22%"
"08/19/2016","22.85","22.55","23.00","22.55","10.69K","1.56%"
"08/22/2016","22.75","23.00","23.15","22.35","6.08K","-0.44%"
"08/23/2016","22.35","22.70","22.90","22.20","9.82K","-1.76%"
"08/24/2016","22.30","22.70","22.70","21.95","7.75K","-0.22%"
"08/25/2016","22.50","22.55","22.70","22.05","7.09K","0.90%"
"08/26/2016","22.35","22.25","22.60","21.55","10.51K","-0.67%"
"08/29/2016","21.85","22.10","22.55","21.75","4.69K","-2.24%"
"08/30/2016","21.20","21.80","21.80","21.15","6.45K","-2.97%"
"08/31/2016","21.50","21.30","21.70","21.10","18.32K","1.42%"
"09/01/2016","21.60","21.25","21.85","20.90","12.71K","0.47%"
"09/02/2016","20.40","21.15","21.55","20.35","9.51K","-5.56%"
"09/05/2016","19.95","20.10","20.40","19.90","5.80K","-2.21%"
"09/06/2016","19.90","20.05","20.25","19.60","9.67K","-0.25%"
"09/07/2016","19.55","20.00","20.30","19.40","11.27K","-1.76%"
"09/08/2016","19.40","19.50","19.80","19.15","14.99K","-0.77%"
"09/09/2016","21.40","19.55","21.40","18.95","17.95K","10.31%"
"09/12/2016","21.05","21.65","22.35","20.85","31.41K","-1.64%"
"09/13/2016","22.30","21.35","23.20","21.15","17.11K","5.94%"
"09/14/2016","22.65","22.15","22.80","21.85","12.26K","1.57%"
"09/15/2016","21.20","22.80","22.80","21.20","12.81K","-6.40%"
"09/16/2016","21.50","21.55","22.50","21.30","18.82K","1.42%"
"09/19/2016","21.20","21.00","21.25","20.60","23.65K","-1.40%"
"09/20/2016","20.25","20.80","20.80","20.15","18.78K","-4.48%"
"09/21/2016","21.55","20.00","22.25","19.20","22.19K","6.42%"
"09/22/2016","20.50","21.55","21.55","20.45","18.95K","-4.87%"
"09/23/2016","20.60","20.85","20.85","20.35","8.28K","0.49%"
"09/26/2016","21.90","20.90","22.10","20.90","20.54K","6.31%"
"09/27/2016","21.85","21.60","22.95","21.05","22.22K","-0.23%"
"09/28/2016","21.15","21.55","21.70","21.00","8.29K","-3.20%"
"09/29/2016","23.10","20.95","23.45","20.65","7.75K","9.22%"
"09/30/2016","21.35","22.90","23.75","21.25","25.34K","-7.58%"
"10/03/2016","21.20","21.70","21.85","21.05","16.36K","-0.70%"
"10/04/2016","21.30","20.95","21.70","20.45","20.07K","0.47%"
"10/05/2016","21.10","21.45","21.60","20.95","10.39K","-0.94%"
"10/06/2016","20.75","20.95","21.25","20.70","7.06K","-1.66%"
"10/07/2016","21.60","21.25","21.70","21.00","13.49K","4.10%"
"10/10/2016","20.40","21.35","21.65","20.35","7.94K","-5.56%"
"10/11/2016","20.80","20.80","21.20","20.00","14.88K","1.96%"
"10/12/2016","20.75","21.10","21.20","20.60","9.26K","-0.24%"
"10/13/2016","21.40","21.75","22.20","21.20","20.37K","3.13%"
"10/14/2016","20.05","21.45","21.45","19.90","17.47K","-6.31%"
"10/17/2016","20.50","20.55","20.95","20.25","22.46K","2.24%"
"10/18/2016","18.75","20.10","20.15","18.75","44.30K","-8.54%"
"10/19/2016","22.60","19.15","23.05","18.10","37.00K","20.53%"
"10/20/2016","22.00","22.40","22.55","21.80","34.01K","-2.65%"
"10/21/2016","21.50","21.80","21.85","21.45","40.05K","-2.27%"
"10/24/2016","21.05","21.40","21.40","20.90","12.43K","-2.09%"
"10/25/2016","21.15","20.90","21.20","20.65","15.13K","0.48%"
"10/26/2016","21.40","21.10","21.50","21.10","13.74K","1.18%"
"10/27/2016","21.30","21.25","21.55","20.90","17.99K","-0.47%"
"10/28/2016","21.90","21.70","22.10","21.40","21.71K","2.82%"
"10/31/2016","22.20","21.75","22.40","21.70","17.88K","1.37%"
"11/01/2016","23.05","21.95","24.00","21.90","32.50K","3.83%"
"11/02/2016","23.50","23.70","24.05","23.35","34.10K","1.95%"
"11/03/2016","24.25","23.90","24.40","23.30","13.41K","3.19%"
"11/04/2016","24.15","24.25","24.50","23.35","24.01K","-0.41%"
"11/07/2016","21.90","22.00","22.30","21.55","24.58K","-9.32%"
"11/08/2016","21.50","21.30","22.40","21.30","35.18K","-1.83%"
"11/09/2016","21.25","23.60","23.60","20.30","49.81K","-1.16%"
"11/10/2016","20.70","20.40","21.45","19.55","48.68K","-2.59%"
"11/11/2016","21.55","20.70","22.20","20.65","32.76K","4.11%"
"11/14/2016","22.20","21.05","22.40","20.80","29.60K","3.02%"
"11/15/2016","20.65","21.70","21.85","20.55","23.30K","-6.98%"
"11/16/2016","21.80","20.50","22.20","19.85","22.22K","5.57%"
"11/17/2016","21.35","21.95","21.95","21.15","30.11K","-2.06%"
"11/18/2016","21.45","21.10","21.70","21.10","19.17K","0.47%"
"11/21/2016","21.00","21.20","21.35","20.75","9.47K","-2.10%"
"11/22/2016","20.55","20.80","20.80","20.40","11.00K","-2.14%"
"11/23/2016","20.60","20.65","21.10","20.50","31.15K","0.24%"
"11/24/2016","20.55","20.50","20.75","20.40","7.32K","-0.24%"
"11/25/2016","20.80","20.55","21.10","20.55","13.11K","1.22%"
"11/28/2016","21.70","21.00","21.70","21.00","22.57K","4.33%"
"11/29/2016","21.25","21.75","21.75","21.00","24.39K","-2.07%"
"11/30/2016","21.05","21.25","21.25","20.50","31.30K","-0.94%"
"12/01/2016","21.80","21.10","21.95","20.95","39.12K","3.56%"
"12/02/2016","21.35","22.05","22.50","21.20","46.21K","-2.06%"
"12/05/2016","19.15","21.30","21.30","19.15","35.05K","-10.30%"
"12/06/2016","18.65","19.35","19.45","18.25","38.59K","-2.61%"
"12/07/2016","18.00","18.15","18.40","17.55","49.03K","-3.49%"
"12/08/2016","17.30","17.80","18.35","17.30","40.03K","-3.89%"
"12/09/2016","17.55","17.55","18.00","17.55","21.30K","1.45%"
"12/12/2016","17.85","17.65","17.95","17.55","15.03K","1.71%"
"12/13/2016","17.70","17.60","17.70","17.30","21.09K","-0.84%"
"12/14/2016","17.45","17.85","17.95","17.10","44.67K","-1.41%"
"12/15/2016","16.95","17.30","17.30","16.90","34.85K","-2.87%"
"12/16/2016","16.55","17.05","17.20","16.10","44.38K","-2.36%"
"12/19/2016","15.45","16.45","16.50","15.45","29.51K","-6.65%"
"12/20/2016","14.95","15.60","15.60","14.95","35.68K","-3.24%"
"12/21/2016","19.25","15.10","19.40","14.85","14.90K","28.76%"
"12/22/2016","19.20","19.10","19.25","19.00","13.28K","-0.26%"
"12/23/2016","19.30","19.10","19.30","18.95","9.17K","0.52%"
"12/27/2016","19.50","19.10","19.50","19.05","3.46K","1.04%"
"12/28/2016","19.90","19.25","19.90","19.25","4.63K","2.05%"
"12/29/2016","20.15","19.90","20.15","19.45","4.42K","1.26%"
"12/30/2016","20.20","19.75","20.20","19.65","7.38K","0.25%"
"01/02/2017","19.25","19.65","20.05","19.15","4.35K","-4.70%"
"01/03/2017","18.30","19.00","19.35","18.30","15.04K","-4.94%"
"01/04/2017","18.15","18.70","18.85","18.00","19.18K","-0.82%"
"01/05/2017","17.55","18.40","18.40","17.55","13.43K","-3.31%"
"01/06/2017","16.75","17.75","17.80","16.75","20.88K","-4.56%"
"01/09/2017","16.80","16.90","17.15","16.65","14.22K","0.30%"
"01/10/2017","16.40","16.60","16.65","16.25","19.69K","-2.38%"
"01/11/2017","16.10","16.35","16.90","16.10","11.82K","-1.83%"
"01/12/2017","16.40","16.70","17.10","16.30","8.83K","1.86%"
"01/13/2017","15.80","16.45","16.70","15.60","18.93K","-3.66%"
"01/16/2017","15.55","16.10","16.10","15.55","17.74K","-1.58%"
"01/17/2017","16.50","15.80","16.55","15.45","37.30K","6.11%"
"01/18/2017","17.80","15.40","18.35","15.40","9.79K","7.88%"
"01/19/2017","17.60","17.90","18.00","17.45","12.34K","-1.12%"
"01/20/2017","17.30","17.80","17.80","17.25","25.58K","-1.70%"
"01/23/2017","18.15","17.80","18.60","17.70","23.42K","4.91%"
"01/24/2017","17.85","18.15","18.45","17.65","15.09K","-1.65%"
"01/25/2017","17.30","17.50","17.70","17.15","10.52K","-3.08%"
"01/26/2017","17.10","17.20","17.45","17.05","7.79K","-1.16%"
"01/27/2017","17.65","17.15","17.80","17.15","13.38K","3.22%"
"01/30/2017","18.30","17.90","18.70","17.80","16.34K","3.68%"
"01/31/2017","17.80","18.55","18.55","17.75","22.35K","-2.73%"
"02/01/2017","17.55","17.60","18.05","17.35","23.21K","-1.40%"
"02/02/2017","17.40","17.80","17.80","17.30","21.84K","-0.85%"
"02/03/2017","16.45","17.45","17.45","16.25","18.15K","-5.46%"
"02/06/2017","17.00","16.40","17.10","16.15","20.17K","3.34%"
"02/07/2017","17.15","16.90","17.35","16.70","11.74K","0.88%"
"02/08/2017","17.30","17.10","17.95","16.95","21.41K","0.87%"
"02/09/2017","15.95","17.05","17.05","15.75","19.99K","-7.80%"
"02/10/2017","15.55","15.75","15.85","15.35","22.51K","-2.51%"
"02/13/2017","15.00","15.35","15.45","14.90","22.45K","-3.54%"
"02/14/2017","14.50","15.10","15.15","14.50","24.92K","-3.33%"
"02/15/2017","17.00","14.55","17.25","14.30","19.82K","17.24%"
"02/16/2017","17.20","17.05","17.55","16.80","15.84K","1.18%"
"02/17/2017","17.30","17.30","17.85","17.25","12.67K","0.58%"
"02/20/2017","17.15","17.25","17.35","17.10","7.79K","-0.87%"
"02/21/2017","16.90","17.35","17.50","16.65","16.52K","-1.46%"
"02/22/2017","17.10","16.85","17.30","16.65","23.12K","1.18%"
"02/23/2017","17.40","17.15","17.55","16.95","22.89K","1.75%"
"02/24/2017","17.45","17.40","18.35","17.35","19.82K","0.29%"
"02/27/2017","17.40","17.35","17.60","17.15","13.73K","-0.29%"
"02/28/2017","17.25","17.35","17.45","17.10","6.10K","-0.86%"
"03/01/2017","16.85","16.65","16.85","16.20","16.64K","-2.32%"
"03/02/2017","16.70","16.70","16.85","16.50","12.62K","-0.89%"
"03/03/2017","16.25","16.85","16.85","16.20","30.16K","-2.69%"
"03/06/2017","16.30","16.50","16.55","16.20","14.33K","0.31%"
"03/07/2017","16.15","16.40","16.50","15.95","19.29K","-0.92%"
"03/08/2017","16.00","16.30","16.30","15.60","26.99K","-0.93%"
"03/09/2017","16.00","16.00","16.20","15.75","25.30K","0.00%"
"03/10/2017","15.85","15.90","16.25","15.80","18.83K","-0.94%"
"03/13/2017","15.75","16.15","16.30","15.75","14.85K","-0.63%"
"03/14/2017","16.20","15.85","16.40","15.80","22.40K","2.86%"
"03/15/2017","15.55","15.95","16.10","15.45","16.09K","-4.01%"
"03/16/2017","14.55","15.25","15.45","14.55","31.05K","-6.43%"
"03/17/2017","14.10","14.65","14.75","13.95","30.55K","-3.09%"
"03/20/2017","13.85","14.10","14.15","13.60","42.23K","-1.77%"
"03/21/2017","13.90","13.55","14.20","13.05","40.74K","0.36%"
"03/22/2017","23.40","14.30","23.70","14.25","19.20K","68.35%"
"03/23/2017","23.50","23.45","23.80","23.15","10.37K","0.43%"
"03/24/2017","23.60","23.45","23.95","23.10","17.67K","0.43%"
"03/27/2017","23.65","24.05","24.25","23.65","13.46K","0.21%"
"03/28/2017","22.80","23.60","23.65","22.80","18.30K","-3.59%"
"03/29/2017","23.00","22.80","23.15","22.60","13.33K","0.88%"
"03/30/2017","23.20","23.00","23.40","23.00","9.51K","0.87%"
"03/31/2017","23.10","23.35","23.75","22.95","20.95K","-0.43%"
"04/03/2017","23.45","22.85","23.65","22.75","24.76K","1.52%"
"04/04/2017","23.20","23.40","23.60","23.20","18.40K","-1.07%"
"04/05/2017","23.45","23.20","23.45","22.80","14.42K","1.08%"
"04/06/2017","23.00","23.70","23.90","22.95","17.93K","-1.92%"
"04/07/2017","23.65","23.35","23.65","23.15","27.45K","2.83%"
"04/10/2017","25.20","23.80","25.25","23.60","33.71K","6.55%"
"04/11/2017","25.85","25.30","26.70","25.30","39.27K","2.58%"
"04/12/2017","25.45","26.00","26.00","25.05","29.50K","-1.55%"
"04/13/2017","25.95","25.35","26.10","25.20","35.16K","1.96%"
"04/18/2017","25.80","25.35","26.60","25.00","44.40K","-0.58%"
"04/19/2017","25.05","25.85","25.90","24.95","10.83K","-2.91%"
"04/20/2017","19.25","19.30","19.35","19.25","36.50K","-23.15%"
"04/21/2017","18.95","19.35","19.80","18.90","60.48K","-1.56%"
"04/24/2017","15.95","15.95","16.30","15.65","107.80K","-15.83%"
"04/25/2017","15.60","15.95","16.10","15.60","40.51K","-2.19%"
"04/26/2017","15.80","15.80","15.85","15.40","29.06K","1.28%"
"04/27/2017","16.00","15.85","16.20","15.75","11.49K","1.27%"
"04/28/2017","16.40","16.05","16.55","16.00","25.23K","2.50%"
"05/02/2017","16.00","16.15","16.35","15.95","20.32K","-2.44%"
"05/03/2017","15.60","16.05","16.20","15.60","40.89K","-2.50%"
"05/04/2017","14.85","15.70","15.70","14.85","44.38K","-4.81%"
"05/05/2017","14.85","15.20","15.30","14.70","40.71K","0.00%"
"05/08/2017","14.45","14.65","14.80","14.35","48.42K","-2.69%"
"05/09/2017","14.55","14.45","14.65","14.20","31.98K","0.69%"
"05/10/2017","14.60","14.60","14.90","14.55","26.33K","0.34%"
"05/11/2017","14.50","14.65","15.05","14.35","21.57K","-0.68%"
"05/12/2017","14.50","14.60","14.70","14.45","21.67K","0.00%"
"05/15/2017","14.25","14.45","14.75","14.25","28.45K","-1.72%"
"05/16/2017","13.65","14.40","14.40","13.60","45.42K","-4.21%"
"05/17/2017","16.85","14.20","16.85","13.60","36.71K","23.44%"
"05/18/2017","16.90","16.35","17.90","16.25","54.77K","0.30%"
"05/19/2017","16.20","17.00","17.05","16.10","14.60K","-4.14%"
"05/22/2017","15.65","15.90","16.20","15.60","9.83K","-3.40%"
"05/23/2017","15.30","15.80","15.80","15.10","10.03K","-2.24%"
"05/24/2017","15.15","15.40","15.50","15.05","9.63K","-0.98%"
"05/25/2017","15.20","15.05","15.45","15.00","7.79K","0.33%"
"05/26/2017","14.90","15.20","15.55","14.90","10.67K","-1.97%"
"05/29/2017","15.20","15.05","15.20","14.95","3.50K","2.01%"
"05/30/2017","15.10","15.30","15.40","14.95","19.11K","-0.66%"
"05/31/2017","15.15","15.15","15.35","14.85","11.14K","0.33%"
"06/01/2017","14.65","15.10","15.15","14.55","10.46K","-3.30%"
"06/02/2017","14.15","14.40","14.40","14.10","20.03K","-3.41%"
"06/05/2017","14.30","14.20","14.35","14.10","8.58K","1.06%"
"06/06/2017","14.50","14.60","14.60","14.30","9.60K","1.40%"
"06/07/2017","14.35","14.55","14.70","14.20","18.68K","-1.03%"
"06/08/2017","14.35","14.45","14.55","14.20","24.62K","0.00%"
"06/09/2017","14.45","14.30","14.80","13.85","22.66K","0.70%"
"06/12/2017","14.45","14.25","14.75","14.15","19.47K","0.00%"
"06/13/2017","14.05","14.30","14.30","13.85","15.71K","-2.77%"
"06/14/2017","13.95","13.90","14.10","13.40","19.71K","-0.71%"
"06/15/2017","14.70","14.10","15.60","14.10","41.93K","5.38%"
"06/16/2017","14.20","14.60","14.60","14.05","19.93K","-3.40%"
"06/19/2017","13.35","13.50","13.65","13.15","21.79K","-5.99%"
"06/20/2017","13.85","13.20","14.00","13.05","28.71K","3.75%"
"06/21/2017","15.25","14.75","15.50","14.35","32.21K","10.11%"
"06/22/2017","15.10","15.35","15.60","14.95","11.10K","-0.98%"
"06/23/2017","15.15","15.10","15.35","15.00","12.77K","0.33%"
"06/26/2017","14.65","14.90","14.90","14.35","19.26K","-3.30%"
"06/27/2017","15.30","14.70","15.30","14.45","33.69K","4.44%"
"06/28/2017","15.25","15.45","15.90","15.15","32.68K","-0.33%"
"06/29/2017","16.45","14.95","17.75","14.85","35.18K","7.87%"
"06/30/2017","16.85","16.40","16.90","15.95","33.28K","2.43%"
"07/03/2017","15.65","16.45","16.45","15.15","30.86K","-7.12%"
"07/04/2017","15.50","15.50","15.65","15.25","13.89K","-0.96%"
"07/05/2017","15.30","15.60","15.80","15.20","24.20K","-1.29%"
"07/06/2017","16.50","15.50","16.50","15.40","26.78K","7.84%"
"07/07/2017","15.80","16.20","16.35","15.75","13.86K","-4.24%"
"07/10/2017","15.15","15.60","15.60","15.10","21.48K","-4.11%"
"07/11/2017","15.05","15.20","15.45","14.95","25.86K","-0.66%"
"07/12/2017","14.45","15.05","15.05","14.35","22.59K","-3.99%"
"07/13/2017","13.85","14.50","14.60","13.80","27.46K","-4.15%"
"07/14/2017","13.40","13.80","13.95","13.30","23.17K","-3.25%"
"07/17/2017","13.25","13.20","13.75","13.00","26.50K","-1.12%"
"07/18/2017","13.35","13.15","13.85","12.95","41.99K","0.75%"
"07/19/2017","15.15","13.30","15.40","13.20","25.63K","13.48%"
"07/20/2017","15.05","15.00","15.30","14.60","24.25K","-0.66%"
"07/21/2017","15.55","14.95","15.90","14.50","48.75K","3.32%"
"07/24/2017","15.15","15.55","15.65","15.15","13.72K","-2.57%"
"07/25/2017","14.55","15.10","15.10","14.40","27.45K","-3.96%"
"07/26/2017","14.15","14.55","14.55","14.05","13.14K","-2.75%"
"07/27/2017","14.25","14.20","14.85","13.90","11.80K","0.71%"
"07/28/2017","14.65","14.30","14.90","14.25","37.44K","2.81%"
"07/31/2017","14.55","14.50","14.70","14.20","13.53K","-0.68%"
"08/01/2017","14.15","14.50","14.50","14.00","16.11K","-2.75%"
"08/02/2017","14.35","14.20","14.50","14.05","18.77K","1.41%"
"08/03/2017","14.45","14.40","14.80","14.20","23.84K","0.70%"
"08/04/2017","14.10","14.50","14.60","14.05","20.62K","-2.42%"
"08/07/2017","14.00","14.10","14.30","13.95","15.93K","-0.71%"
"08/08/2017","14.00","13.95","14.30","13.50","30.12K","0.00%"
"08/09/2017","14.85","14.20","15.25","14.10","44.01K","6.07%"
"08/10/2017","18.95","14.95","19.15","14.90","57.16K","27.61%"
"08/11/2017","19.60","19.65","22.95","18.55","73.79K","3.43%"
"08/14/2017","15.65","18.65","18.65","15.60","34.63K","-20.15%"
"08/15/2017","15.00","15.45","15.55","14.75","36.59K","-4.15%"
"08/16/2017","15.70","14.75","15.80","13.80","23.81K","4.67%"
"08/17/2017","17.90","15.80","17.90","15.65","22.61K","14.01%"
"08/18/2017","17.45","17.10","17.80","16.95","37.88K","-2.51%"
"08/21/2017","17.25","17.45","17.70","17.10","19.83K","-1.15%"
"08/22/2017","16.30","16.75","16.90","16.30","14.48K","-5.51%"
"08/23/2017","16.30","16.10","16.80","16.00","23.18K","0.00%"
"08/24/2017","16.20","16.60","16.60","15.95","20.57K","-0.61%"
"08/25/2017","16.10","16.15","16.50","15.95","10.15K","-0.62%"
"08/28/2017","16.20","16.25","16.70","16.05","12.62K","0.62%"
"08/29/2017","16.40","16.95","18.00","16.40","38.31K","1.23%"
"08/30/2017","16.35","16.40","16.45","16.00","15.28K","-0.30%"
"08/31/2017","15.80","16.10","16.25","15.80","20.84K","-3.36%"
"09/01/2017","15.50","15.85","15.90","15.25","17.55K","-1.90%"
"09/04/2017","16.25","16.10","16.40","15.80","10.18K","4.84%"
"09/05/2017","16.70","16.20","17.10","15.80","18.44K","2.77%"
"09/06/2017","15.95","16.35","16.55","15.90","19.40K","-4.49%"
"09/07/2017","15.60","16.10","16.15","15.55","28.01K","-2.19%"
"09/08/2017","15.85","15.90","16.15","15.60","15.94K","1.60%"
"09/11/2017","14.50","15.15","15.20","14.40","30.47K","-8.52%"
"09/12/2017","14.10","14.45","14.55","14.05","17.44K","-2.76%"
"09/13/2017","13.85","14.10","14.25","13.75","18.12K","-1.77%"
"09/14/2017","13.65","13.85","14.10","13.55","20.47K","-1.44%"
"09/15/2017","13.45","13.70","13.80","13.25","24.41K","-1.47%"
"09/18/2017","12.35","12.95","13.15","12.35","26.75K","-8.18%"
"09/19/2017","11.85","12.50","12.55","11.85","34.21K","-4.05%"
"09/20/2017","14.50","11.90","14.90","11.30","21.33K","22.36%"
"09/21/2017","14.50","14.70","14.75","14.35","18.91K","0.00%"
"09/22/2017","14.65","14.80","14.85","14.45","15.26K","1.03%"
"09/25/2017","14.70","14.80","14.95","14.40","18.00K","0.34%"
"09/26/2017","14.50","14.70","14.75","14.45","11.38K","-1.36%"
"09/27/2017","14.30","14.45","14.50","14.20","9.85K","-1.38%"
"09/28/2017","14.15","14.35","14.40","14.15","21.03K","-1.05%"
"09/29/2017","13.85","14.10","14.35","13.80","28.69K","-2.12%"
"10/02/2017","13.60","13.80","13.90","13.50","20.40K","-1.81%"
"10/03/2017","13.30","13.40","13.55","13.30","7.81K","-2.21%"
"10/04/2017","13.80","13.25","13.85","13.25","27.56K","3.76%"
"10/05/2017","13.30","13.65","13.80","13.20","16.79K","-3.62%"
"10/06/2017","13.40","13.25","13.60","13.15","20.92K","0.75%"
"10/09/2017","13.50","13.30","13.50","13.15","12.68K","0.75%"
"10/10/2017","13.35","13.40","13.85","13.35","26.10K","-1.11%"
"10/11/2017","13.25","13.30","13.60","13.25","23.35K","-0.75%"
"10/12/2017","12.90","13.25","13.30","12.80","19.09K","-2.64%"
"10/13/2017","12.65","12.85","12.90","12.20","31.17K","-1.94%"
"10/16/2017","12.05","12.50","12.55","12.00","26.90K","-4.74%"
"10/17/2017","11.80","12.00","12.05","11.70","33.81K","-2.07%"
"10/18/2017","13.50","11.70","13.60","10.80","19.00K","14.41%"
"10/19/2017","13.55","13.50","14.65","13.50","28.12K","0.37%"
"10/20/2017","13.55","13.50","13.90","13.25","29.80K","0.00%"
"10/23/2017","13.80","13.60","13.90","13.35","15.46K","1.85%"
"10/24/2017","14.05","13.65","14.05","13.45","23.70K","1.81%"
"10/25/2017","14.60","14.15","15.20","13.75","32.59K","3.91%"
"10/26/2017","14.00","14.15","14.60","13.75","31.08K","-4.11%"
"10/27/2017","13.55","13.95","14.05","13.50","20.19K","-3.21%"
"10/30/2017","13.55","13.60","13.70","13.25","11.15K","0.00%"
"10/31/2017","13.10","13.40","13.55","13.00","16.89K","-3.32%"
"11/01/2017","13.05","13.00","13.10","12.70","22.53K","-0.38%"
"11/02/2017","12.90","13.20","13.35","12.85","23.68K","-1.15%"
"11/03/2017","12.70","13.05","13.05","12.65","17.37K","-1.55%"
"11/06/2017","12.45","12.70","12.85","12.40","20.90K","-1.97%"
"11/07/2017","12.55","12.35","12.65","12.25","30.50K","0.80%"
"11/08/2017","12.35","12.50","12.80","12.20","31.34K","-1.59%"
"11/09/2017","13.25","12.45","14.10","12.45","52.81K","7.29%"
"11/10/2017","13.90","13.50","14.10","13.10","49.05K","4.91%"
"11/13/2017","13.75","13.65","14.75","13.30","53.42K","-1.08%"
"11/14/2017","14.75","13.85","15.00","13.60","46.95K","7.27%"
"11/15/2017","15.25","14.60","16.25","14.60","37.62K","3.39%"
"11/16/2017","14.65","14.95","14.95","14.50","18.96K","-3.93%"
"11/17/2017","14.55","14.75","14.95","14.40","20.26K","-0.68%"
"11/20/2017","13.95","15.10","15.10","13.80","30.55K","-4.12%"
"11/21/2017","13.45","13.75","13.90","13.35","30.32K","-3.58%"
"11/22/2017","13.30","13.45","13.55","13.10","18.66K","-1.12%"
"11/23/2017","13.30","13.40","13.60","13.15","8.35K","0.00%"
"11/24/2017","13.30","13.25","13.30","13.00","11.71K","0.00%"
"11/27/2017","13.50","13.30","13.70","13.25","26.65K","1.50%"
"11/28/2017","13.05","13.45","13.60","13.00","12.79K","-3.33%"
"11/29/2017","13.50","13.10","13.55","12.95","19.87K","3.45%"
"11/30/2017","13.45","13.35","13.50","13.00","15.56K","-0.37%"
"12/01/2017","13.95","13.50","15.10","13.40","49.07K","3.72%"
"12/04/2017","13.55","13.45","13.65","13.05","25.93K","-2.87%"
"12/05/2017","13.35","13.35","13.55","12.90","21.18K","-1.48%"
"12/06/2017","13.40","13.60","13.75","13.35","21.00K","0.37%"
"12/07/2017","13.20","13.25","13.60","13.05","16.44K","-1.49%"
"12/08/2017","12.85","13.05","13.10","12.75","21.29K","-2.65%"
"12/11/2017","12.40","12.65","12.90","12.40","16.87K","-3.50%"
"12/12/2017","12.20","12.45","12.65","12.05","23.44K","-1.61%"
"12/13/2017","12.30","12.15","12.35","12.10","27.57K","0.82%"
"12/14/2017","12.40","12.30","12.50","12.00","30.15K","0.81%"
"12/15/2017","11.90","12.35","12.75","11.80","42.25K","-4.03%"
"12/18/2017","11.00","11.90","11.95","10.85","30.64K","-7.56%"
"12/19/2017","11.20","10.90","11.25","10.75","41.54K","1.82%"
"12/20/2017","13.55","11.00","13.65","11.00","42.69K","20.98%"
"12/21/2017","13.35","13.60","13.85","13.20","17.46K","-1.48%"
"12/22/2017","13.35","13.45","13.50","13.15","10.92K","0.00%"
"12/27/2017","13.45","13.25","13.55","13.20","6.83K","0.75%"
"12/28/2017","13.75","13.55","14.00","13.30","10.71K","2.23%"
"12/29/2017","13.95","13.75","14.10","13.70","13.58K","1.45%"
"01/02/2018","13.35","13.95","14.15","13.35","18.89K","-4.30%"
"01/03/2018","12.45","13.10","13.35","12.45","18.51K","-6.74%"
"01/04/2018","12.00","12.60","12.65","11.90","34.92K","-3.61%"
"01/05/2018","11.90","11.85","12.05","11.70","19.50K","-0.83%"
"01/08/2018","11.90","11.80","12.10","11.70","29.82K","0.00%"
"01/09/2018","11.90","11.95","12.10","11.80","21.41K","0.00%"
"01/10/2018","12.05","12.10","12.25","11.80","28.39K","1.26%"
"01/11/2018","11.75","12.00","12.05","11.70","21.02K","-2.49%"
"01/12/2018","11.35","11.80","11.80","11.25","29.22K","-3.40%"
"01/15/2018","11.40","11.30","11.45","11.05","30.81K","0.44%"
"01/16/2018","11.40","11.10","11.70","11.00","39.74K","0.00%"
"01/17/2018","14.50","11.50","14.70","11.15","27.75K","27.19%"
"01/18/2018","14.75","14.45","15.10","14.35","20.49K","1.72%"
"01/19/2018","14.80","14.85","15.00","14.55","15.99K","0.34%"
"01/22/2018","14.40","14.85","15.05","14.25","16.28K","-2.70%"
"01/23/2018","14.30","14.20","14.40","14.15","11.22K","-0.69%"
"01/24/2018","14.50","14.35","14.80","14.15","13.76K","1.40%"
"01/25/2018","14.40","14.50","14.80","14.20","14.90K","-0.69%"
"01/26/2018","14.45","14.50","14.70","14.35","11.31K","0.35%"
"01/29/2018","15.00","14.65","15.05","14.60","18.12K","3.81%"
"01/30/2018","15.95","15.35","16.75","15.05","53.15K","6.33%"
"01/31/2018","15.75","15.90","16.05","15.20","33.18K","-1.25%"
"02/01/2018","15.75","15.30","16.65","14.95","38.05K","0.00%"
"02/02/2018","17.70","15.55","17.80","15.55","39.24K","12.38%"
"02/05/2018","23.45","18.85","25.00","17.30","58.96K","32.49%"
"02/06/2018","22.00","27.00","28.75","19.55","169.90K","-6.18%"
"02/07/2018","20.50","22.30","23.00","19.55","51.26K","-6.82%"
"02/08/2018","29.00","21.20","29.00","20.10","79.24K","41.46%"
"02/09/2018","26.85","27.10","32.50","26.00","52.75K","-7.41%"
"02/12/2018","26.45","26.05","27.80","24.25","43.62K","-1.49%"
"02/13/2018","25.70","26.60","27.60","25.10","40.31K","-2.84%"
"02/14/2018","22.60","25.00","25.05","22.00","6.76K","-12.06%"
"02/15/2018","17.80","18.05","18.30","17.60","30.40K","-21.24%"
"02/16/2018","17.15","17.55","18.00","16.65","26.65K","-3.65%"
"02/19/2018","17.80","16.90","17.95","16.90","12.43K","3.79%"
"02/20/2018","18.40","17.85","18.75","17.75","16.72K","3.37%"
"02/21/2018","18.60","18.15","19.00","17.40","16.98K","1.09%"
"02/22/2018","18.40","18.90","18.95","17.85","24.03K","-1.08%"
"02/23/2018","17.15","17.80","18.00","16.95","8.97K","-6.79%"
"02/26/2018","16.10","16.85","17.00","15.95","18.79K","-6.12%"
"02/27/2018","17.50","16.15","17.55","16.15","21.83K","8.70%"
"02/28/2018","18.20","17.40","18.20","16.70","18.12K","4.00%"
"03/01/2018","19.40","17.60","20.15","17.45","38.20K","6.59%"
"03/02/2018","18.55","19.45","20.60","18.55","59.83K","-4.38%"
"03/05/2018","17.65","19.20","19.85","17.55","37.52K","-4.85%"
"03/06/2018","17.60","17.50","18.10","17.20","24.99K","-0.28%"
"03/07/2018","16.95","18.75","18.95","16.80","24.02K","-3.69%"
"03/08/2018","16.55","17.05","17.55","16.55","21.41K","-2.36%"
"03/09/2018","15.20","16.80","16.80","15.20","32.09K","-8.16%"
"03/12/2018","15.45","14.80","15.65","14.80","20.89K","1.64%"
"03/13/2018","16.40","15.15","16.55","14.95","35.47K","6.15%"
"03/14/2018","16.30","16.20","16.55","15.45","22.48K","-0.61%"
"03/15/2018","15.45","16.05","16.80","15.45","27.11K","-5.21%"
"03/16/2018","14.55","15.40","15.55","14.10","30.87K","-5.83%"
"03/19/2018","15.90","14.70","17.00","14.35","43.58K","9.28%"
"03/20/2018","14.90","15.65","16.30","14.70","46.28K","-6.29%"
"03/21/2018","17.05","14.90","17.20","14.50","28.63K","14.43%"
"03/22/2018","19.45","17.00","19.55","16.45","73.89K","14.08%"
"03/23/2018","20.45","19.45","20.50","18.75","51.62K","5.14%"
"03/26/2018","19.40","19.30","20.60","18.75","25.29K","-5.13%"
"03/27/2018","19.90","19.25","20.10","18.45","38.20K","2.58%"
"03/28/2018","18.95","19.50","20.55","18.70","55.53K","-4.77%"
"03/29/2018","17.80","19.10","19.10","17.50","22.84K","-6.07%"
"04/03/2018","18.30","18.95","19.35","18.25","22.89K","2.81%"
"04/04/2018","18.15","18.65","20.10","18.10","30.58K","-0.82%"
"04/05/2018","17.25","17.90","17.95","17.15","18.22K","-4.96%"
"04/06/2018","17.80","18.00","18.25","17.00","25.59K","3.19%"
"04/09/2018","17.90","17.10","17.90","17.00","14.82K","0.56%"
"04/10/2018","16.70","17.20","17.45","16.40","18.02K","-6.70%"
"04/11/2018","16.85","16.95","17.40","16.60","24.16K","0.90%"
"04/12/2018","16.10","16.75","16.95","15.95","16.62K","-4.45%"
"04/13/2018","15.25","16.25","16.25","15.10","25.58K","-5.28%"
"04/16/2018","14.45","15.05","15.30","14.35","21.29K","-5.25%"
"04/17/2018","12.90","14.50","14.50","12.60","37.60K","-10.73%"
"04/18/2018","14.60","13.00","14.95","12.60","31.71K","13.18%"
"04/19/2018","15.20","14.70","15.65","14.40","35.12K","4.11%"
"04/20/2018","15.05","15.00","15.35","14.90","23.41K","-0.99%"
"04/23/2018","14.95","15.00","15.30","14.65","30.25K","-0.66%"
"04/24/2018","15.70","14.85","16.00","14.55","20.27K","5.02%"
"04/25/2018","15.55","15.50","16.10","15.10","48.15K","-0.96%"
"04/26/2018","14.80","15.45","15.70","14.65","21.98K","-4.82%"
"04/27/2018","14.60","14.75","14.90","14.45","21.63K","-1.35%"
"04/30/2018","14.95","14.45","14.95","14.30","24.80K","2.40%"
"05/02/2018","14.60","14.65","14.80","14.30","20.25K","-2.34%"
"05/03/2018","14.75","14.65","15.55","14.45","28.65K","1.03%"
"05/04/2018","14.45","14.85","15.10","14.45","22.50K","-2.03%"
"05/07/2018","14.30","14.45","14.45","14.20","15.34K","-1.04%"
"05/08/2018","14.50","14.25","14.75","14.15","17.15K","1.40%"
"05/09/2018","13.70","14.45","14.60","13.70","26.81K","-5.52%"
"05/10/2018","13.40","13.75","14.25","13.35","27.23K","-2.19%"
"05/11/2018","13.15","13.50","13.50","12.95","16.75K","-1.87%"
"05/14/2018","13.05","12.95","13.45","12.70","41.46K","-0.76%"
"05/15/2018","13.10","13.20","13.55","12.50","35.87K","0.38%"
"05/16/2018","14.15","13.20","14.35","12.50","38.47K","8.02%"
"05/17/2018","13.95","14.30","14.30","13.90","22.53K","-1.41%"
"05/18/2018","14.40","13.90","14.60","13.85","30.42K","3.23%"
"05/21/2018","14.25","14.30","14.45","14.00","19.02K","-1.04%"
"05/22/2018","14.00","14.35","14.35","13.80","15.19K","-1.75%"
"05/23/2018","14.55","14.25","15.15","14.10","43.20K","3.93%"
"05/24/2018","14.60","14.75","15.35","14.30","30.63K","0.34%"
"05/25/2018","15.50","14.55","15.80","14.45","44.36K","6.16%"
"05/28/2018","15.95","15.05","16.50","14.75","26.04K","2.90%"
"05/29/2018","17.70","15.90","18.55","15.90","71.27K","10.97%"
"05/30/2018","16.75","17.45","17.60","16.45","33.59K","-5.37%"
"05/31/2018","16.70","16.80","17.50","16.05","40.20K","-0.30%"
"06/01/2018","15.60","16.75","16.75","15.30","32.79K","-6.59%"
"06/04/2018","14.65","15.60","15.60","14.55","18.37K","-6.09%"
"06/05/2018","14.80","14.45","14.90","13.85","31.46K","1.02%"
"06/06/2018","14.55","14.50","15.55","14.45","24.68K","-1.69%"
"06/07/2018","14.80","14.45","15.20","14.20","27.62K","1.72%"
"06/08/2018","14.55","15.15","15.70","14.55","28.17K","-1.69%"
"06/11/2018","13.70","14.75","14.75","13.70","22.99K","-5.84%"
"06/12/2018","13.60","13.75","13.95","13.45","22.51K","-0.73%"
"06/13/2018","13.50","13.45","13.65","12.95","23.82K","-0.74%"
"06/14/2018","12.35","13.60","13.75","12.05","62.32K","-8.52%"
"06/15/2018","12.30","12.20","13.05","12.15","46.34K","-0.40%"
"06/18/2018","13.50","12.70","14.15","12.70","59.42K","9.76%"
"06/19/2018","14.00","14.80","15.60","14.00","61.10K","3.70%"
"06/20/2018","14.70","14.00","14.90","13.05","24.02K","5.00%"
"06/21/2018","16.00","14.45","16.20","14.40","29.10K","8.84%"
"06/22/2018","14.95","15.50","15.70","14.75","21.92K","-6.56%"
"06/25/2018","16.60","15.50","17.40","15.30","38.83K","11.04%"
"06/26/2018","16.15","16.25","16.80","15.90","36.02K","-2.71%"
"06/27/2018","17.25","16.45","17.50","15.85","43.59K","6.81%"
"06/28/2018","17.10","16.95","17.85","16.60","39.12K","-0.87%"
"06/29/2018","16.80","16.50","16.90","15.95","23.12K","-1.75%"
"07/02/2018","16.70","17.40","17.90","16.70","22.27K","-0.60%"
"07/03/2018","16.95","16.65","16.95","16.00","17.02K","1.50%"
"07/04/2018","16.20","16.65","16.65","16.05","11.22K","-4.42%"
"07/05/2018","16.00","16.30","16.45","15.65","23.54K","-1.23%"
"07/06/2018","15.15","15.65","16.05","15.05","24.90K","-5.31%"
"07/09/2018","14.45","14.95","14.95","14.35","22.90K","-4.62%"
"07/10/2018","13.50","14.35","14.55","13.50","21.35K","-6.57%"
"07/11/2018","14.35","14.25","14.70","13.95","33.11K","6.30%"
"07/12/2018","13.75","14.10","14.40","13.75","23.68K","-4.18%"
"07/13/2018","13.25","13.65","13.75","13.20","18.98K","-3.64%"
"07/16/2018","13.25","13.35","13.55","13.00","32.72K","0.00%"
"07/17/2018","12.25","13.35","13.60","12.10","35.61K","-7.55%"
"07/18/2018","13.85","12.35","14.00","11.95","24.03K","13.06%"
"07/19/2018","14.30","13.90","14.30","13.70","21.79K","3.25%"
"07/20/2018","14.50","14.35","14.80","14.10","30.65K","1.40%"
"07/23/2018","14.35","14.55","14.80","14.35","15.12K","-1.03%"
"07/24/2018","14.10","14.20","14.35","13.90","20.09K","-1.74%"
"07/25/2018","13.95","14.15","14.30","13.90","15.99K","-1.06%"
"07/26/2018","13.60","14.05","14.05","13.50","20.89K","-2.51%"
"07/27/2018","13.80","13.50","13.95","13.25","20.57K","1.47%"
"07/30/2018","14.10","13.85","14.10","13.50","15.79K","2.17%"
"07/31/2018","13.80","13.90","14.00","13.65","13.85K","-2.13%"
"08/01/2018","13.95","13.70","14.10","13.60","15.40K","1.09%"
"08/02/2018","14.35","14.20","15.05","14.15","29.03K","2.87%"
"08/03/2018","14.05","14.55","14.60","14.05","18.06K","-2.09%"
"08/06/2018","13.85","14.05","14.15","13.70","16.05K","-1.42%"
"08/07/2018","13.35","13.75","13.75","13.30","21.19K","-3.61%"
"08/08/2018","13.25","13.35","13.45","13.05","21.37K","-0.75%"
"08/09/2018","13.30","13.40","13.45","13.05","18.99K","0.38%"
"08/10/2018","14.40","13.55","14.75","13.50","59.70K","8.27%"
"08/13/2018","15.75","14.90","15.95","14.75","37.21K","9.38%"
"08/14/2018","15.10","15.30","15.80","14.65","32.77K","-4.13%"
"08/15/2018","16.65","15.45","17.45","15.20","48.93K","10.26%"
"08/16/2018","15.85","16.10","16.55","15.50","43.09K","-4.80%"
"08/17/2018","15.50","15.75","16.35","15.40","38.16K","-2.21%"
"08/20/2018","14.40","15.45","15.55","14.35","31.51K","-7.10%"
"08/21/2018","13.90","14.35","14.35","13.45","25.62K","-3.47%"
"08/22/2018","13.85","14.50","14.50","13.60","5.01K","-0.36%"
"08/23/2018","15.05","15.15","15.30","14.95","22.80K","8.66%"
"08/24/2018","14.85","15.00","15.05","14.65","18.86K","-1.33%"
"08/27/2018","14.55","14.65","14.70","14.50","16.07K","-2.02%"
"08/28/2018","14.60","14.55","14.70","14.45","16.49K","0.34%"
"08/29/2018","14.65","14.55","14.85","14.45","29.73K","0.34%"
"08/30/2018","15.60","14.65","15.75","14.55","43.71K","6.48%"
"08/31/2018","15.85","15.55","16.10","15.45","41.85K","1.60%"
"09/03/2018","15.50","15.80","15.85","15.45","21.16K","-2.21%"
"09/04/2018","15.85","15.40","16.20","15.20","48.94K","2.26%"
"09/05/2018","16.15","16.00","16.65","15.95","45.80K","1.89%"
"09/06/2018","16.35","16.45","16.80","16.00","34.29K","1.24%"
"09/07/2018","16.50","16.40","16.90","16.20","32.03K","0.92%"
"09/10/2018","15.70","16.25","16.40","15.55","22.90K","-4.85%"
"09/11/2018","15.30","15.50","15.80","15.30","24.62K","-2.55%"
"09/12/2018","15.15","15.25","15.55","15.00","30.45K","-0.98%"
"09/13/2018","14.70","15.15","15.20","14.50","33.12K","-2.97%"
"09/14/2018","14.30","14.60","14.60","14.20","23.59K","-2.72%"
"09/17/2018","14.85","14.30","14.85","14.25","32.19K","3.85%"
"09/18/2018","14.35","14.60","14.80","14.10","36.68K","-3.37%"
"09/19/2018","14.00","14.25","14.25","13.95","6.89K","-2.44%"
"09/20/2018","14.60","15.00","15.05","14.50","23.08K","4.29%"
"09/21/2018","14.70","14.60","14.70","14.40","23.11K","0.68%"
"09/24/2018","14.75","14.70","15.00","14.65","24.85K","0.34%"
"09/25/2018","14.60","14.65","14.70","14.30","14.92K","-1.02%"
"09/26/2018","14.65","14.40","14.65","14.25","24.26K","0.34%"
"09/27/2018","14.45","14.65","14.75","14.25","17.25K","-1.37%"
"09/28/2018","15.15","14.50","15.55","14.45","54.51K","4.84%"
"10/01/2018","14.95","14.90","15.05","14.55","27.26K","-1.32%"
"10/02/2018","15.55","15.10","15.75","15.10","43.96K","4.01%"
"10/03/2018","14.95","15.25","15.30","14.80","23.58K","-3.86%"
"10/04/2018","15.90","15.25","16.35","15.20","37.07K","6.35%"
"10/05/2018","16.30","15.60","16.95","15.55","43.08K","2.52%"
"10/08/2018","16.50","16.15","17.35","16.15","32.55K","1.23%"
"10/09/2018","16.80","16.65","17.40","16.55","37.08K","1.82%"
"10/10/2018","19.80","16.90","19.95","16.70","49.07K","17.86%"
"10/11/2018","19.95","20.15","20.95","18.85","92.77K","0.76%"
"10/12/2018","19.05","19.10","20.70","17.85","50.17K","-4.51%"
"10/15/2018","18.70","19.60","19.80","18.40","43.04K","-1.84%"
"10/16/2018","16.30","18.70","18.75","16.10","25.39K","-12.83%"
"10/17/2018","17.15","15.90","17.85","15.80","38.00K","5.21%"
"10/18/2018","18.30","17.40","18.65","17.10","35.50K","6.71%"
"10/19/2018","18.10","17.90","18.75","17.75","40.19K","-1.09%"
"10/22/2018","18.00","17.80","18.40","17.55","35.00K","-0.55%"
"10/23/2018","18.35","19.05","19.65","18.10","55.59K","1.94%"
"10/24/2018","19.90","18.40","20.00","18.30","39.24K","8.45%"
"10/25/2018","19.30","19.65","19.95","19.00","48.90K","-3.02%"
"10/26/2018","20.65","20.25","21.30","19.85","64.32K","6.99%"
"10/29/2018","20.15","20.25","21.30","19.40","35.91K","-2.42%"
"10/30/2018","20.25","19.85","20.95","19.80","36.92K","0.50%"
"10/31/2018","19.35","19.55","19.65","19.00","40.61K","-4.44%"
"11/01/2018","18.95","19.55","19.60","18.65","42.89K","-2.07%"
"11/02/2018","18.95","18.55","19.25","18.05","34.13K","0.00%"
"11/05/2018","18.50","18.75","19.00","18.30","21.44K","-2.37%"
"11/06/2018","18.35","18.35","18.90","17.95","33.76K","-0.81%"
"11/07/2018","17.05","17.65","17.80","16.60","37.38K","-7.08%"
"11/08/2018","16.30","16.80","16.85","16.20","56.47K","-4.40%"
"11/09/2018","16.90","16.60","17.10","16.45","30.85K","3.68%"
"11/12/2018","17.65","16.40","17.95","16.30","39.30K","4.44%"
"11/13/2018","17.15","17.55","18.00","16.95","41.13K","-2.83%"
"11/14/2018","18.10","17.60","18.45","17.35","45.13K","5.54%"
"11/15/2018","19.30","17.75","20.10","17.50","60.00K","6.63%"
"11/16/2018","17.80","18.90","19.70","17.55","69.92K","-7.77%"
"11/19/2018","17.75","17.70","18.55","16.95","41.50K","-0.28%"
"11/20/2018","19.50","18.60","20.40","18.20","29.65K","9.86%"
"11/21/2018","18.91","19.10","19.20","18.60","7.26K","-3.03%"
"11/22/2018","17.45","17.30","17.75","17.15","15.47K","-7.72%"
"11/23/2018","17.40","17.45","17.85","17.20","17.37K","-0.29%"
"11/26/2018","16.65","17.40","17.45","16.50","30.12K","-4.31%"
"11/27/2018","16.75","16.75","17.15","16.30","26.62K","0.60%"
"11/28/2018","16.65","16.60","16.90","16.20","21.37K","-0.60%"
"11/29/2018","16.85","16.25","17.05","16.25","25.87K","1.20%"
"11/30/2018","16.45","16.60","17.00","16.05","27.29K","-2.37%"
"12/03/2018","15.60","15.10","15.95","15.05","30.14K","-5.17%"
"12/04/2018","15.75","15.95","17.35","15.70","31.35K","0.96%"
"12/05/2018","16.95","16.75","17.05","16.45","16.21K","7.62%"
"12/06/2018","20.15","17.85","20.25","17.60","94.18K","18.88%"
"12/07/2018","19.60","18.60","20.20","18.45","45.94K","-2.73%"
"12/10/2018","21.15","20.30","21.30","19.85","48.21K","7.91%"
"12/11/2018","20.00","20.15","20.45","19.55","40.75K","-5.44%"
"12/12/2018","19.05","19.60","19.85","18.95","28.58K","-4.75%"
"12/13/2018","19.05","19.15","19.20","18.55","31.80K","0.00%"
"12/14/2018","19.50","19.35","20.55","19.30","30.16K","2.36%"
"12/17/2018","19.45","19.55","20.55","18.65","40.66K","-0.26%"
"12/18/2018","19.60","20.05","20.20","19.30","67.71K","0.77%"
"12/19/2018","19.38","19.00","19.60","18.90","7.78K","-1.12%"
"12/20/2018","21.45","20.60","22.65","20.60","32.64K","10.68%"
"12/21/2018","21.75","21.65","22.60","21.60","29.22K","1.40%"
"12/27/2018","24.55","22.15","25.20","22.15","32.47K","12.87%"
"12/28/2018","23.95","24.10","24.30","23.05","26.71K","-2.44%"